DeviceTag: Movella DOT0,FirmwareVersion: 3.0.0,AppVersion: 2023.6.0,SyncStatus: Unknown (Synced/Un-synced),OutputRate: 30,FilterProfile: Unknown,Measurement Mode: Custom Modes - Custom Mode 4,StartTime: 2025-05-29 13:15:11.872,Â© Movella Technologies B.V. 2005-2025
SampleTimeFine,dq_W,dq_X,dq_Y,dq_Z,dv[1],dv[2],dv[3],Acc_X,Acc_Y,Acc_Z,Gyr_X,Gyr_Y,Gyr_Z,Mag_X,Mag_Y,Mag_Z,Quat_W,Quat_X,Quat_Y,Quat_Z,Euler_X,Euler_Y,Euler_Z,Status
6095791,1.0000,-0.0002,-0.0004,0.0008,0.0099,0.0080,0.3162,0.3004,0.2367,9.4851,-0.0136,-0.0210,0.0454,-0.7065,1.0039,-1.1904,0.9528,0.0067,-0.0194,-0.3029,1.4094,-1.8802,-35.2981,0
6096125,1.0000,-0.0002,-0.0004,0.0008,0.0096,0.0080,0.3161,0.2916,0.2376,9.4832,-0.0135,-0.0221,0.0453,-0.7061,1.0059,-1.1948,0.9529,0.0065,-0.0195,-0.3027,1.3838,-1.9021,-35.2678,0
6096458,1.0000,-0.0002,-0.0004,0.0008,0.0098,0.0080,0.3161,0.2962,0.2379,9.4818,-0.0138,-0.0220,0.0460,-0.7061,1.0034,-1.1924,0.9530,0.0063,-0.0196,-0.3022,1.3623,-1.9204,-35.2075,0
6096791,1.0000,-0.0002,-0.0004,0.0008,0.0097,0.0081,0.3164,0.2949,0.2410,9.4913,-0.0128,-0.0218,0.0457,-0.7085,1.0015,-1.1938,0.9531,0.0060,-0.0197,-0.3018,1.3428,-1.9444,-35.1655,0
6097125,1.0000,-0.0002,-0.0004,0.0008,0.0096,0.0076,0.3164,0.2921,0.2269,9.4912,-0.0134,-0.0224,0.0477,-0.7070,0.9985,-1.1973,0.9533,0.0058,-0.0199,-0.3014,1.3231,-1.9718,-35.1163,0
6097458,1.0000,-0.0002,-0.0004,0.0008,0.0096,0.0077,0.3165,0.2921,0.2292,9.4953,-0.0131,-0.0212,0.0460,-0.7075,1.0034,-1.1929,0.9534,0.0056,-0.0200,-0.3010,1.3015,-1.9971,-35.0644,0
6097791,1.0000,-0.0002,-0.0004,0.0008,0.0098,0.0078,0.3160,0.2979,0.2309,9.4805,-0.0142,-0.0218,0.0465,-0.7036,1.0039,-1.1987,0.9535,0.0053,-0.0202,-0.3005,1.2767,-2.0242,-35.0113,0
6098125,1.0000,-0.0002,-0.0004,0.0008,0.0099,0.0083,0.3162,0.3008,0.2467,9.4856,-0.0134,-0.0215,0.0461,-0.7051,1.0073,-1.1978,0.9537,0.0051,-0.0204,-0.3000,1.2545,-2.0527,-34.9460,0
6098458,1.0000,-0.0002,-0.0003,0.0008,0.0097,0.0078,0.3162,0.2952,0.2317,9.4869,-0.0134,-0.0201,0.0468,-0.7080,1.0024,-1.1973,0.9539,0.0048,-0.0205,-0.2995,1.2341,-2.0796,-34.8826,0
6098791,1.0000,-0.0002,-0.0004,0.0008,0.0096,0.0076,0.3166,0.2918,0.2271,9.4983,-0.0131,-0.0216,0.0466,-0.7065,1.0049,-1.1934,0.9540,0.0046,-0.0207,-0.2990,1.2135,-2.1090,-34.8289,0
6099125,1.0000,-0.0002,-0.0004,0.0008,0.0099,0.0080,0.3163,0.3014,0.2362,9.4900,-0.0131,-0.0214,0.0457,-0.7080,1.0039,-1.1953,0.9542,0.0044,-0.0209,-0.2985,1.1926,-2.1381,-34.7714,0
6099458,1.0000,-0.0002,-0.0004,0.0008,0.0100,0.0079,0.3161,0.3023,0.2354,9.4817,-0.0134,-0.0225,0.0455,-0.7080,1.0063,-1.1992,0.9543,0.0041,-0.0211,-0.2981,1.1714,-2.1700,-34.7165,0
6099791,1.0000,-0.0002,-0.0003,0.0008,0.0098,0.0081,0.3160,0.2974,0.2406,9.4791,-0.0132,-0.0184,0.0460,-0.7085,1.0049,-1.1929,0.9544,0.0039,-0.0213,-0.2976,1.1507,-2.1944,-34.6583,0
6100125,1.0000,-0.0002,-0.0004,0.0008,0.0099,0.0079,0.3165,0.3011,0.2346,9.4950,-0.0131,-0.0224,0.0458,-0.7065,1.0063,-1.1919,0.9546,0.0036,-0.0215,-0.2971,1.1304,-2.2263,-34.6024,0
6100458,1.0000,-0.0002,-0.0004,0.0008,0.0101,0.0078,0.3160,0.3053,0.2330,9.4812,-0.0125,-0.0227,0.0473,-0.7080,1.0039,-1.1997,0.9547,0.0034,-0.0217,-0.2966,1.1112,-2.2592,-34.5411,0
6100791,1.0000,-0.0002,-0.0004,0.0007,0.0099,0.0082,0.3160,0.3003,0.2439,9.4804,-0.0133,-0.0220,0.0441,-0.7090,1.0054,-1.1929,0.9549,0.0032,-0.0219,-0.2962,1.0907,-2.2909,-34.4889,0
6101125,1.0000,-0.0002,-0.0004,0.0008,0.0098,0.0079,0.3163,0.2965,0.2349,9.4887,-0.0133,-0.0211,0.0454,-0.7041,1.0042,-1.1904,0.9550,0.0029,-0.0221,-0.2957,1.0701,-2.3209,-34.4330,0
6101458,1.0000,-0.0002,-0.0004,0.0008,0.0096,0.0075,0.3163,0.2920,0.2240,9.4887,-0.0143,-0.0218,0.0460,-0.7046,1.0051,-1.1938,0.9552,0.0027,-0.0223,-0.2952,1.0476,-2.3519,-34.3734,0
6101791,1.0000,-0.0002,-0.0004,0.0007,0.0098,0.0078,0.3159,0.2971,0.2304,9.4763,-0.0134,-0.0217,0.0450,-0.7075,1.0049,-1.1938,0.9553,0.0024,-0.0225,-0.2948,1.0266,-2.3826,-34.3175,0
6102125,1.0000,-0.0002,-0.0004,0.0008,0.0101,0.0074,0.3161,0.3078,0.2195,9.4834,-0.0136,-0.0210,0.0455,-0.7051,1.0024,-1.1919,0.9554,0.0022,-0.0227,-0.2943,1.0051,-2.4119,-34.2612,0
6102458,1.0000,-0.0002,-0.0004,0.0008,0.0095,0.0079,0.3165,0.2878,0.2348,9.4963,-0.0131,-0.0216,0.0460,-0.7065,1.0054,-1.1934,0.9556,0.0019,-0.0229,-0.2938,0.9842,-2.4422,-34.2027,0
6102791,1.0000,-0.0002,-0.0004,0.0008,0.0098,0.0076,0.3165,0.2963,0.2240,9.4952,-0.0146,-0.0227,0.0462,-0.7056,1.0059,-1.1973,0.9557,0.0017,-0.0231,-0.2933,0.9606,-2.4745,-34.1450,0
6103125,1.0000,-0.0002,-0.0004,0.0008,0.0098,0.0080,0.3162,0.2964,0.2385,9.4858,-0.0143,-0.0218,0.0457,-0.7031,1.0051,-1.1899,0.9559,0.0014,-0.0233,-0.2928,0.9376,-2.5048,-34.0865,0
6103458,1.0000,-0.0002,-0.0004,0.0008,0.0098,0.0077,0.3158,0.2982,0.2286,9.4752,-0.0132,-0.0211,0.0460,-0.7056,1.0029,-1.1953,0.9560,0.0012,-0.0235,-0.2924,0.9168,-2.5337,-34.0286,0
6103791,1.0000,-0.0002,-0.0003,0.0008,0.0098,0.0079,0.3162,0.2971,0.2355,9.4850,-0.0138,-0.0206,0.0457,-0.7065,1.0054,-1.1924,0.9562,0.0009,-0.0237,-0.2919,0.8950,-2.5613,-33.9724,0
6104125,1.0000,-0.0002,-0.0004,0.0008,0.0099,0.0076,0.3165,0.2999,0.2244,9.4954,-0.0129,-0.0214,0.0461,-0.7075,1.0063,-1.1938,0.9563,0.0007,-0.0238,-0.2914,0.8750,-2.5904,-33.9150,0
6104458,1.0000,-0.0002,-0.0004,0.0008,0.0096,0.0076,0.3168,0.2923,0.2248,9.5053,-0.0143,-0.0216,0.0459,-0.7075,1.0059,-1.1953,0.9564,0.0005,-0.0240,-0.2909,0.8523,-2.6196,-33.8592,0
6104791,1.0000,-0.0002,-0.0004,0.0008,0.0096,0.0076,0.3164,0.2932,0.2259,9.4916,-0.0133,-0.0221,0.0459,-0.7100,1.0039,-1.1948,0.9566,0.0002,-0.0242,-0.2905,0.8315,-2.6494,-33.8040,0
6105125,1.0000,-0.0002,-0.0004,0.0008,0.0099,0.0081,0.3161,0.2992,0.2402,9.4831,-0.0132,-0.0213,0.0454,-0.7065,1.0034,-1.1914,0.9567,-0.0000,-0.0244,-0.2901,0.8113,-2.6774,-33.7513,0
6105458,1.0000,-0.0002,-0.0004,0.0008,0.0102,0.0074,0.3164,0.3086,0.2202,9.4919,-0.0135,-0.0220,0.0458,-0.7095,1.0024,-1.1978,0.9568,-0.0002,-0.0246,-0.2896,0.7906,-2.7065,-33.6970,0
6105791,1.0000,-0.0002,-0.0003,0.0007,0.0098,0.0075,0.3165,0.2968,0.2213,9.4955,-0.0137,-0.0207,0.0449,-0.7065,1.0044,-1.1992,0.9570,-0.0005,-0.0248,-0.2892,0.7697,-2.7329,-33.6460,0
6106125,1.0000,-0.0002,-0.0003,0.0007,0.0096,0.0080,0.3168,0.2925,0.2376,9.5037,-0.0138,-0.0202,0.0445,-0.7100,1.0044,-1.1948,0.9571,-0.0007,-0.0249,-0.2888,0.7487,-2.7579,-33.5956,0
6106458,1.0000,-0.0002,-0.0004,0.0008,0.0099,0.0076,0.3167,0.3018,0.2267,9.5017,-0.0141,-0.0214,0.0458,-0.7061,1.0034,-1.1948,0.9572,-0.0009,-0.0251,-0.2883,0.7272,-2.7851,-33.5443,0
6106791,1.0000,-0.0002,-0.0003,0.0007,0.0098,0.0077,0.3161,0.2978,0.2300,9.4827,-0.0141,-0.0209,0.0449,-0.7061,1.0054,-1.1973,0.9573,-0.0012,-0.0253,-0.2879,0.7060,-2.8110,-33.4948,0
6107125,1.0000,-0.0002,-0.0004,0.0008,0.0097,0.0077,0.3163,0.2952,0.2298,9.4880,-0.0132,-0.0214,0.0461,-0.7080,1.0059,-1.1948,0.9574,-0.0014,-0.0254,-0.2875,0.6867,-2.8374,-33.4426,0
6107458,1.0000,-0.0002,-0.0004,0.0008,0.0099,0.0083,0.3166,0.3008,0.2466,9.4965,-0.0136,-0.0232,0.0460,-0.7109,1.0015,-1.1919,0.9576,-0.0016,-0.0256,-0.2871,0.6669,-2.8669,-33.3915,0
6107791,1.0000,-0.0002,-0.0004,0.0008,0.0097,0.0079,0.3166,0.2960,0.2357,9.4980,-0.0134,-0.0213,0.0474,-0.7075,1.0034,-1.1948,0.9577,-0.0018,-0.0258,-0.2866,0.6476,-2.8923,-33.3397,0
6108125,1.0000,-0.0002,-0.0004,0.0008,0.0097,0.0080,0.3159,0.2937,0.2364,9.4763,-0.0138,-0.0218,0.0458,-0.7075,1.0039,-1.1895,0.9578,-0.0020,-0.0260,-0.2862,0.6280,-2.9183,-33.2917,0
6108458,1.0000,-0.0002,-0.0004,0.0008,0.0098,0.0076,0.3165,0.2989,0.2260,9.4935,-0.0134,-0.0223,0.0453,-0.7080,1.0059,-1.1919,0.9579,-0.0023,-0.0261,-0.2858,0.6096,-2.9447,-33.2451,0
6108792,1.0000,-0.0002,-0.0004,0.0008,0.0097,0.0076,0.3166,0.2960,0.2250,9.4988,-0.0137,-0.0218,0.0454,-0.7080,1.0005,-1.1963,0.9580,-0.0025,-0.0263,-0.2854,0.5908,-2.9698,-33.1982,0
6109125,1.0000,-0.0002,-0.0004,0.0008,0.0096,0.0078,0.3164,0.2914,0.2325,9.4919,-0.0142,-0.0217,0.0454,-0.7085,1.0039,-1.1992,0.9581,-0.0027,-0.0265,-0.2851,0.5712,-2.9941,-33.1525,0
6109458,1.0000,-0.0002,-0.0004,0.0008,0.0097,0.0075,0.3165,0.2933,0.2234,9.4942,-0.0132,-0.0213,0.0463,-0.7080,1.0054,-1.1929,0.9582,-0.0029,-0.0266,-0.2847,0.5538,-3.0172,-33.1063,0
6109792,1.0000,-0.0002,-0.0004,0.0008,0.0100,0.0078,0.3162,0.3041,0.2315,9.4855,-0.0138,-0.0233,0.0472,-0.7080,1.0054,-1.1987,0.9584,-0.0031,-0.0268,-0.2843,0.5355,-3.0438,-33.0587,0
6110125,1.0000,-0.0002,-0.0004,0.0008,0.0099,0.0076,0.3164,0.3010,0.2249,9.4917,-0.0140,-0.0214,0.0468,-0.7090,1.0034,-1.1953,0.9585,-0.0033,-0.0269,-0.2839,0.5171,-3.0661,-33.0132,0
6110458,1.0000,-0.0002,-0.0004,0.0008,0.0095,0.0078,0.3163,0.2892,0.2325,9.4888,-0.0139,-0.0214,0.0462,-0.7080,1.0034,-1.1978,0.9586,-0.0035,-0.0271,-0.2835,0.4994,-3.0879,-32.9703,0
6110792,1.0000,-0.0002,-0.0004,0.0008,0.0096,0.0079,0.3161,0.2911,0.2343,9.4821,-0.0129,-0.0219,0.0455,-0.7104,1.0044,-1.1943,0.9587,-0.0036,-0.0272,-0.2832,0.4840,-3.1101,-32.9292,0
6111125,1.0000,-0.0002,-0.0004,0.0008,0.0095,0.0081,0.3160,0.2890,0.2409,9.4803,-0.0140,-0.0215,0.0460,-0.7061,1.0049,-1.1978,0.9588,-0.0038,-0.0274,-0.2829,0.4668,-3.1307,-32.8887,0
6111458,1.0000,-0.0002,-0.0004,0.0008,0.0100,0.0078,0.3163,0.3037,0.2317,9.4894,-0.0131,-0.0227,0.0453,-0.7090,1.0000,-1.1929,0.9589,-0.0040,-0.0275,-0.2825,0.4518,-3.1532,-32.8496,0
6111792,1.0000,-0.0002,-0.0003,0.0007,0.0097,0.0075,0.3167,0.2959,0.2238,9.5003,-0.0137,-0.0205,0.0444,-0.7095,1.0010,-1.1953,0.9589,-0.0042,-0.0276,-0.2822,0.4362,-3.1709,-32.8137,0
6112125,1.0000,-0.0002,-0.0004,0.0008,0.0096,0.0076,0.3159,0.2930,0.2254,9.4782,-0.0137,-0.0221,0.0465,-0.7090,1.0034,-1.1963,0.9590,-0.0043,-0.0277,-0.2819,0.4207,-3.1911,-32.7751,0
6112458,1.0000,-0.0002,-0.0004,0.0008,0.0095,0.0080,0.3161,0.2879,0.2376,9.4827,-0.0130,-0.0210,0.0474,-0.7065,1.0049,-1.1968,0.9591,-0.0045,-0.0279,-0.2816,0.4069,-3.2085,-32.7361,0
6112792,1.0000,-0.0002,-0.0003,0.0008,0.0097,0.0082,0.3164,0.2939,0.2445,9.4925,-0.0125,-0.0209,0.0461,-0.7075,1.0063,-1.1968,0.9592,-0.0046,-0.0280,-0.2813,0.3945,-3.2250,-32.6996,0
6113125,1.0000,-0.0002,-0.0004,0.0008,0.0101,0.0081,0.3166,0.3053,0.2403,9.4973,-0.0140,-0.0211,0.0468,-0.7080,1.0029,-1.1909,0.9593,-0.0048,-0.0281,-0.2810,0.3798,-3.2412,-32.6621,0
6113458,1.0000,-0.0002,-0.0004,0.0008,0.0100,0.0076,0.3161,0.3042,0.2260,9.4840,-0.0131,-0.0218,0.0455,-0.7061,1.0034,-1.1924,0.9594,-0.0049,-0.0282,-0.2807,0.3674,-3.2580,-32.6291,0
6113792,1.0000,-0.0002,-0.0004,0.0008,0.0100,0.0078,0.3162,0.3034,0.2325,9.4867,-0.0132,-0.0222,0.0460,-0.7065,1.0059,-1.1929,0.9594,-0.0050,-0.0283,-0.2804,0.3550,-3.2751,-32.5964,0
6114125,1.0000,-0.0002,-0.0004,0.0008,0.0100,0.0076,0.3165,0.3026,0.2261,9.4951,-0.0133,-0.0218,0.0454,-0.7036,1.0042,-1.1968,0.9595,-0.0052,-0.0284,-0.2802,0.3430,-3.2907,-32.5650,0
6114458,1.0000,-0.0002,-0.0004,0.0008,0.0099,0.0075,0.3163,0.3001,0.2238,9.4891,-0.0132,-0.0219,0.0462,-0.7070,1.0039,-1.1973,0.9596,-0.0053,-0.0285,-0.2799,0.3316,-3.3059,-32.5328,0
6114792,1.0000,-0.0002,-0.0003,0.0008,0.0103,0.0081,0.3162,0.3117,0.2409,9.4848,-0.0135,-0.0202,0.0465,-0.7090,1.0063,-1.1929,0.9597,-0.0054,-0.0286,-0.2797,0.3200,-3.3171,-32.5022,0
6115125,1.0000,-0.0002,-0.0004,0.0008,0.0101,0.0079,0.3164,0.3058,0.2333,9.4934,-0.0138,-0.0213,0.0461,-0.7095,1.0015,-1.1934,0.9544,0.0070,-0.0187,-0.2978,1.4076,-1.8008,-34.6846,0
6115458,1.0000,-0.0002,-0.0003,0.0008,0.0097,0.0078,0.3162,0.2958,0.2314,9.4863,-0.0129,-0.0209,0.0470,-0.7075,1.0044,-1.1924,0.9544,0.0070,-0.0187,-0.2979,1.4082,-1.7998,-34.6931,0
6115792,1.0000,-0.0002,-0.0004,0.0008,0.0097,0.0079,0.3166,0.2952,0.2331,9.4968,-0.0136,-0.0213,0.0460,-0.7070,1.0029,-1.1929,0.9544,0.0070,-0.0187,-0.2980,1.4075,-1.7996,-34.7036,0
6116125,1.0000,-0.0002,-0.0004,0.0008,0.0099,0.0077,0.3163,0.3001,0.2283,9.4904,-0.0134,-0.0213,0.0459,-0.7085,1.0063,-1.1978,0.9543,0.0070,-0.0186,-0.2981,1.4073,-1.7993,-34.7133,0
6116458,1.0000,-0.0002,-0.0004,0.0008,0.0099,0.0079,0.3164,0.2994,0.2349,9.4914,-0.0139,-0.0225,0.0462,-0.7065,1.0020,-1.1914,0.9543,0.0070,-0.0187,-0.2981,1.4062,-1.8012,-34.7221,0
6116792,1.0000,-0.0002,-0.0004,0.0008,0.0095,0.0078,0.3165,0.2896,0.2318,9.4949,-0.0132,-0.0219,0.0461,-0.7104,1.0059,-1.1938,0.9543,0.0070,-0.0187,-0.2982,1.4064,-1.8020,-34.7313,0
6117125,1.0000,-0.0002,-0.0004,0.0007,0.0098,0.0081,0.3166,0.2971,0.2413,9.4970,-0.0133,-0.0223,0.0446,-0.7056,1.0063,-1.1943,0.9543,0.0070,-0.0187,-0.2983,1.4066,-1.8035,-34.7439,0
6117458,1.0000,-0.0002,-0.0003,0.0008,0.0098,0.0079,0.3162,0.2970,0.2344,9.4848,-0.0141,-0.0208,0.0459,-0.7075,1.0068,-1.1914,0.9542,0.0070,-0.0187,-0.2984,1.4051,-1.8022,-34.7521,0
6117792,1.0000,-0.0002,-0.0003,0.0008,0.0098,0.0077,0.3164,0.2973,0.2286,9.4928,-0.0138,-0.0206,0.0461,-0.7095,1.0059,-1.1909,0.9542,0.0070,-0.0187,-0.2985,1.4042,-1.8005,-34.7600,0
6118125,1.0000,-0.0002,-0.0004,0.0008,0.0099,0.0078,0.3160,0.2994,0.2305,9.4812,-0.0145,-0.0215,0.0462,-0.7075,1.0049,-1.1953,0.9542,0.0070,-0.0186,-0.2985,1.4019,-1.8006,-34.7682,0
6118458,1.0000,-0.0002,-0.0004,0.0008,0.0097,0.0078,0.3165,0.2960,0.2324,9.4938,-0.0136,-0.0218,0.0452,-0.7070,1.0020,-1.1938,0.9542,0.0070,-0.0187,-0.2986,1.4015,-1.8010,-34.7776,0
6118792,1.0000,-0.0002,-0.0004,0.0008,0.0098,0.0075,0.3168,0.2991,0.2231,9.5038,-0.0139,-0.0218,0.0460,-0.7090,1.0044,-1.1963,0.9541,0.0070,-0.0187,-0.2987,1.4005,-1.8015,-34.7857,0
6119125,1.0000,-0.0002,-0.0004,0.0008,0.0097,0.0078,0.3165,0.2949,0.2313,9.4942,-0.0144,-0.0225,0.0453,-0.7051,1.0027,-1.1914,0.9541,0.0069,-0.0187,-0.2988,1.3987,-1.8034,-34.7951,0
6119458,1.0000,-0.0002,-0.0004,0.0008,0.0097,0.0078,0.3160,0.2961,0.2332,9.4799,-0.0132,-0.0234,0.0457,-0.7070,1.0029,-1.1953,0.9541,0.0069,-0.0187,-0.2988,1.3991,-1.8071,-34.8033,0
6119792,1.0000,-0.0002,-0.0004,0.0008,0.0101,0.0078,0.3160,0.3063,0.2326,9.4798,-0.0143,-0.0212,0.0458,-0.7065,1.0020,-1.1934,0.9541,0.0069,-0.0187,-0.2989,1.3973,-1.8064,-34.8114,0
6120125,1.0000,-0.0002,-0.0004,0.0008,0.0098,0.0077,0.3171,0.2987,0.2285,9.5122,-0.0133,-0.0219,0.0456,-0.7080,1.0029,-1.1943,0.9541,0.0069,-0.0187,-0.2990,1.3975,-1.8072,-34.8190,0
6120458,1.0000,-0.0002,-0.0004,0.0008,0.0098,0.0079,0.3167,0.2984,0.2347,9.5009,-0.0141,-0.0222,0.0454,-0.7080,1.0024,-1.1929,0.9540,0.0069,-0.0187,-0.2990,1.3962,-1.8084,-34.8275,0
6120792,1.0000,-0.0002,-0.0004,0.0008,0.0094,0.0079,0.3158,0.2867,0.2338,9.4736,-0.0139,-0.0223,0.0463,-0.7051,1.0044,-1.1929,0.9540,0.0069,-0.0187,-0.2991,1.3953,-1.8099,-34.8342,0
6121125,1.0000,-0.0002,-0.0004,0.0008,0.0097,0.0077,0.3158,0.2949,0.2276,9.4743,-0.0135,-0.0227,0.0453,-0.7075,1.0039,-1.1914,0.9540,0.0069,-0.0187,-0.2991,1.3952,-1.8121,-34.8416,0
6121458,1.0000,-0.0002,-0.0004,0.0008,0.0097,0.0079,0.3161,0.2945,0.2337,9.4832,-0.0132,-0.0220,0.0462,-0.7085,1.0000,-1.1943,0.9540,0.0069,-0.0187,-0.2992,1.3956,-1.8130,-34.8481,0
6121792,1.0000,-0.0002,-0.0004,0.0008,0.0096,0.0079,0.3167,0.2914,0.2338,9.5018,-0.0142,-0.0213,0.0463,-0.7104,1.0059,-1.1982,0.9540,0.0069,-0.0187,-0.2993,1.3940,-1.8125,-34.8543,0
6122125,1.0000,-0.0002,-0.0004,0.0008,0.0101,0.0080,0.3163,0.3076,0.2379,9.4891,-0.0136,-0.0213,0.0458,-0.7100,1.0039,-1.1909,0.9539,0.0069,-0.0187,-0.2993,1.3936,-1.8119,-34.8611,0
6122458,1.0000,-0.0002,-0.0004,0.0008,0.0096,0.0081,0.3167,0.2915,0.2418,9.5003,-0.0129,-0.0212,0.0455,-0.7085,1.0044,-1.1895,0.9539,0.0069,-0.0187,-0.2994,1.3946,-1.8111,-34.8686,0
6122792,1.0000,-0.0002,-0.0003,0.0008,0.0098,0.0074,0.3165,0.2982,0.2193,9.4958,-0.0136,-0.0207,0.0454,-0.7061,1.0066,-1.1885,0.9539,0.0069,-0.0187,-0.2994,1.3944,-1.8094,-34.8758,0
6123125,1.0000,-0.0002,-0.0004,0.0008,0.0096,0.0076,0.3163,0.2920,0.2257,9.4896,-0.0134,-0.0216,0.0456,-0.7075,1.0039,-1.1890,0.9539,0.0069,-0.0187,-0.2995,1.3944,-1.8094,-34.8819,0
6123458,1.0000,-0.0002,-0.0004,0.0008,0.0096,0.0080,0.3164,0.2924,0.2366,9.4919,-0.0131,-0.0211,0.0461,-0.7100,1.0054,-1.1909,0.9539,0.0069,-0.0187,-0.2995,1.3950,-1.8086,-34.8877,0
6123792,1.0000,-0.0002,-0.0004,0.0008,0.0095,0.0078,0.3172,0.2892,0.2324,9.5172,-0.0137,-0.0211,0.0469,-0.7070,1.0010,-1.1904,0.9539,0.0069,-0.0187,-0.2996,1.3945,-1.8077,-34.8919,0
6124125,1.0000,-0.0002,-0.0004,0.0008,0.0096,0.0076,0.3166,0.2923,0.2247,9.4971,-0.0141,-0.0219,0.0459,-0.7070,1.0034,-1.1953,0.9539,0.0069,-0.0187,-0.2996,1.3932,-1.8083,-34.8982,0
6124458,1.0000,-0.0002,-0.0003,0.0008,0.0095,0.0079,0.3166,0.2890,0.2341,9.4987,-0.0138,-0.0209,0.0457,-0.7075,1.0039,-1.1929,0.9538,0.0069,-0.0187,-0.2997,1.3925,-1.8070,-34.9040,0
6124792,1.0000,-0.0002,-0.0004,0.0008,0.0101,0.0077,0.3160,0.3079,0.2275,9.4812,-0.0136,-0.0234,0.0453,-0.7061,1.0049,-1.1978,0.9538,0.0069,-0.0187,-0.2997,1.3924,-1.8104,-34.9102,0
6125125,1.0000,-0.0002,-0.0004,0.0008,0.0098,0.0083,0.3158,0.2979,0.2471,9.4746,-0.0137,-0.0216,0.0466,-0.7090,1.0020,-1.1948,0.9538,0.0068,-0.0187,-0.2997,1.3918,-1.8105,-34.9135,0
6125459,1.0000,-0.0002,-0.0004,0.0008,0.0100,0.0076,0.3159,0.3045,0.2253,9.4783,-0.0125,-0.0224,0.0458,-0.7046,1.0049,-1.1978,0.9538,0.0069,-0.0187,-0.2998,1.3936,-1.8121,-34.9192,0
6125792,1.0000,-0.0002,-0.0003,0.0008,0.0097,0.0078,0.3166,0.2946,0.2321,9.4968,-0.0143,-0.0208,0.0454,-0.7065,1.0024,-1.1914,0.9538,0.0068,-0.0187,-0.2998,1.3920,-1.8106,-34.9247,0
6126125,1.0000,-0.0002,-0.0004,0.0008,0.0096,0.0082,0.3163,0.2918,0.2427,9.4898,-0.0139,-0.0217,0.0466,-0.7085,1.0039,-1.1963,0.9538,0.0068,-0.0187,-0.2999,1.3911,-1.8108,-34.9284,0
6126459,1.0000,-0.0002,-0.0004,0.0008,0.0096,0.0079,0.3162,0.2915,0.2345,9.4863,-0.0136,-0.0224,0.0467,-0.7090,1.0015,-1.1963,0.9538,0.0068,-0.0187,-0.2999,1.3909,-1.8124,-34.9320,0
6126792,1.0000,-0.0002,-0.0004,0.0007,0.0096,0.0081,0.3171,0.2925,0.2405,9.5128,-0.0125,-0.0217,0.0449,-0.7075,1.0049,-1.1953,0.9537,0.0068,-0.0187,-0.3000,1.3928,-1.8125,-34.9392,0
6127125,1.0000,-0.0002,-0.0004,0.0008,0.0100,0.0079,0.3166,0.3023,0.2357,9.4969,-0.0135,-0.0219,0.0459,-0.7065,1.0063,-1.1914,0.9537,0.0068,-0.0187,-0.3000,1.3927,-1.8131,-34.9439,0
6127459,1.0000,-0.0002,-0.0003,0.0008,0.0095,0.0079,0.3165,0.2889,0.2345,9.4947,-0.0144,-0.0203,0.0457,-0.7065,1.0034,-1.1948,0.9537,0.0068,-0.0187,-0.3000,1.3910,-1.8106,-34.9491,0
6127792,1.0000,-0.0002,-0.0003,0.0008,0.0095,0.0078,0.3166,0.2897,0.2312,9.4969,-0.0145,-0.0210,0.0455,-0.7056,1.0044,-1.1924,0.9537,0.0068,-0.0187,-0.3001,1.3890,-1.8094,-34.9544,0
6128125,1.0000,-0.0002,-0.0004,0.0008,0.0099,0.0079,0.3162,0.3007,0.2350,9.4855,-0.0134,-0.0229,0.0457,-0.7065,1.0044,-1.1914,0.9537,0.0068,-0.0187,-0.3001,1.3891,-1.8119,-34.9588,0
6128459,1.0000,-0.0002,-0.0003,0.0008,0.0097,0.0082,0.3163,0.2944,0.2438,9.4893,-0.0139,-0.0198,0.0457,-0.7061,1.0054,-1.1909,0.9537,0.0068,-0.0187,-0.3002,1.3883,-1.8084,-34.9637,0
6128792,1.0000,-0.0002,-0.0004,0.0007,0.0098,0.0076,0.3161,0.2986,0.2253,9.4827,-0.0134,-0.0211,0.0445,-0.7061,1.0046,-1.1880,0.9537,0.0068,-0.0187,-0.3002,1.3887,-1.8075,-34.9704,0
6129125,1.0000,-0.0002,-0.0004,0.0008,0.0094,0.0077,0.3161,0.2847,0.2283,9.4817,-0.0129,-0.0228,0.0460,-0.7070,1.0039,-1.1929,0.9537,0.0068,-0.0187,-0.3003,1.3898,-1.8098,-34.9744,0
6129459,1.0000,-0.0002,-0.0003,0.0008,0.0096,0.0079,0.3168,0.2908,0.2336,9.5033,-0.0136,-0.0196,0.0469,-0.7095,1.0044,-1.1958,0.9536,0.0068,-0.0187,-0.3003,1.3896,-1.8059,-34.9772,0
6129792,1.0000,-0.0002,-0.0003,0.0008,0.0097,0.0080,0.3165,0.2959,0.2373,9.4942,-0.0138,-0.0209,0.0465,-0.7046,1.0051,-1.1914,0.9536,0.0068,-0.0187,-0.3003,1.3890,-1.8046,-34.9804,0
6130125,1.0000,-0.0002,-0.0004,0.0008,0.0098,0.0080,0.3161,0.2968,0.2384,9.4824,-0.0124,-0.0212,0.0459,-0.7080,1.0063,-1.1934,0.9536,0.0068,-0.0187,-0.3003,1.3910,-1.8037,-34.9839,0
6130459,1.0000,-0.0002,-0.0003,0.0008,0.0094,0.0079,0.3167,0.2864,0.2350,9.5002,-0.0139,-0.0208,0.0463,-0.7085,1.0020,-1.1943,0.9536,0.0068,-0.0186,-0.3004,1.3902,-1.8022,-34.9872,0
6130792,1.0000,-0.0002,-0.0004,0.0008,0.0096,0.0077,0.3164,0.2921,0.2276,9.4913,-0.0133,-0.0230,0.0461,-0.7041,1.0032,-1.1929,0.9536,0.0068,-0.0187,-0.3004,1.3906,-1.8049,-34.9914,0
6131125,1.0000,-0.0002,-0.0004,0.0008,0.0097,0.0079,0.3160,0.2947,0.2352,9.4807,-0.0145,-0.0224,0.0460,-0.7075,1.0044,-1.1958,0.9536,0.0068,-0.0187,-0.3004,1.3887,-1.8064,-34.9947,0
6131459,1.0000,-0.0002,-0.0004,0.0008,0.0099,0.0076,0.3166,0.2995,0.2258,9.4976,-0.0133,-0.0218,0.0465,-0.7075,1.0044,-1.1958,0.9536,0.0068,-0.0187,-0.3004,1.3890,-1.8068,-34.9976,0
6131792,1.0000,-0.0002,-0.0003,0.0008,0.0096,0.0077,0.3159,0.2928,0.2295,9.4783,-0.0134,-0.0204,0.0466,-0.7056,1.0059,-1.1938,0.9536,0.0068,-0.0187,-0.3005,1.3891,-1.8044,-35.0002,0
6132125,1.0000,-0.0002,-0.0004,0.0008,0.0094,0.0078,0.3162,0.2869,0.2313,9.4864,-0.0135,-0.0233,0.0467,-0.7095,1.0034,-1.1904,0.9536,0.0068,-0.0187,-0.3005,1.3891,-1.8077,-35.0019,0
6132459,1.0000,-0.0002,-0.0004,0.0008,0.0096,0.0079,0.3171,0.2928,0.2358,9.5141,-0.0140,-0.0220,0.0458,-0.7061,1.0024,-1.1963,0.9536,0.0068,-0.0187,-0.3005,1.3883,-1.8085,-35.0063,0
6132792,1.0000,-0.0002,-0.0004,0.0008,0.0098,0.0078,0.3162,0.2978,0.2312,9.4870,-0.0134,-0.0214,0.0466,-0.7085,1.0054,-1.1924,0.9536,0.0068,-0.0187,-0.3005,1.3885,-1.8081,-35.0093,0
6133125,1.0000,-0.0002,-0.0004,0.0008,0.0093,0.0078,0.3170,0.2837,0.2316,9.5105,-0.0135,-0.0218,0.0458,-0.7065,1.0049,-1.1895,0.9536,0.0068,-0.0187,-0.3006,1.3884,-1.8086,-35.0130,0
6133459,1.0000,-0.0002,-0.0004,0.0008,0.0093,0.0081,0.3165,0.2833,0.2397,9.4938,-0.0133,-0.0217,0.0463,-0.7095,1.0029,-1.1934,0.9535,0.0068,-0.0187,-0.3006,1.3889,-1.8089,-35.0156,0
6133792,1.0000,-0.0002,-0.0004,0.0008,0.0096,0.0075,0.3168,0.2932,0.2234,9.5034,-0.0137,-0.0226,0.0474,-0.7065,1.0068,-1.1958,0.9535,0.0068,-0.0187,-0.3006,1.3885,-1.8108,-35.0170,0
6134125,1.0000,-0.0002,-0.0003,0.0008,0.0097,0.0080,0.3169,0.2935,0.2387,9.5068,-0.0141,-0.0200,0.0460,-0.7065,1.0024,-1.1934,0.9535,0.0068,-0.0187,-0.3006,1.3873,-1.8078,-35.0199,0
6134459,1.0000,-0.0002,-0.0003,0.0008,0.0094,0.0078,0.3163,0.2843,0.2310,9.4904,-0.0142,-0.0202,0.0461,-0.7090,1.0039,-1.1909,0.9535,0.0068,-0.0187,-0.3007,1.3860,-1.8051,-35.0226,0
6134792,1.0000,-0.0002,-0.0004,0.0008,0.0101,0.0082,0.3168,0.3059,0.2447,9.5041,-0.0138,-0.0227,0.0457,-0.7056,1.0073,-1.1953,0.9535,0.0068,-0.0187,-0.3007,1.3854,-1.8073,-35.0267,0
6135125,1.0000,-0.0002,-0.0004,0.0008,0.0097,0.0077,0.3166,0.2953,0.2295,9.4974,-0.0139,-0.0215,0.0464,-0.7070,1.0034,-1.1919,0.9535,0.0069,-0.0187,-0.3007,1.3981,-1.8006,-35.0311,0
6135459,1.0000,-0.0002,-0.0004,0.0008,0.0097,0.0079,0.3168,0.2949,0.2352,9.5041,-0.0134,-0.0223,0.0468,-0.7090,1.0005,-1.1929,0.9535,0.0069,-0.0187,-0.3007,1.3983,-1.8019,-35.0329,0
6135792,1.0000,-0.0002,-0.0004,0.0008,0.0097,0.0082,0.3170,0.2938,0.2425,9.5110,-0.0133,-0.0212,0.0456,-0.7065,1.0024,-1.1919,0.9535,0.0069,-0.0187,-0.3008,1.3988,-1.8010,-35.0371,0
6136125,1.0000,-0.0002,-0.0003,0.0008,0.0096,0.0080,0.3162,0.2926,0.2372,9.4862,-0.0138,-0.0199,0.0466,-0.7061,1.0063,-1.1968,0.9535,0.0069,-0.0186,-0.3008,1.3983,-1.7977,-35.0388,0
6136459,1.0000,-0.0002,-0.0003,0.0008,0.0100,0.0077,0.3167,0.3039,0.2285,9.5020,-0.0132,-0.0205,0.0462,-0.7070,1.0073,-1.1973,0.9535,0.0069,-0.0186,-0.3008,1.3990,-1.7955,-35.0412,0
6136792,1.0000,-0.0002,-0.0003,0.0008,0.0099,0.0078,0.3161,0.3014,0.2317,9.4820,-0.0136,-0.0201,0.0473,-0.7090,1.0034,-1.1924,0.9535,0.0069,-0.0186,-0.3008,1.3988,-1.7926,-35.0412,0
6137125,1.0000,-0.0002,-0.0003,0.0008,0.0098,0.0077,0.3160,0.2971,0.2288,9.4798,-0.0137,-0.0206,0.0457,-0.7085,1.0063,-1.1909,0.9535,0.0069,-0.0186,-0.3008,1.3987,-1.7906,-35.0448,0
6137459,1.0000,-0.0002,-0.0004,0.0008,0.0098,0.0078,0.3163,0.2978,0.2313,9.4880,-0.0137,-0.0212,0.0450,-0.7056,1.0039,-1.1997,0.9535,0.0069,-0.0186,-0.3009,1.3986,-1.7897,-35.0495,0
6137792,1.0000,-0.0002,-0.0004,0.0008,0.0102,0.0078,0.3165,0.3090,0.2329,9.4940,-0.0135,-0.0211,0.0459,-0.7080,1.0063,-1.1938,0.9534,0.0069,-0.0186,-0.3009,1.3987,-1.7887,-35.0523,0
6138125,1.0000,-0.0002,-0.0003,0.0008,0.0099,0.0077,0.3166,0.2992,0.2272,9.4976,-0.0133,-0.0199,0.0462,-0.7051,1.0037,-1.1909,0.9534,0.0069,-0.0185,-0.3009,1.3992,-1.7854,-35.0547,0
6138459,1.0000,-0.0002,-0.0003,0.0008,0.0095,0.0077,0.3166,0.2875,0.2288,9.4972,-0.0127,-0.0208,0.0457,-0.7090,1.0034,-1.1948,0.9534,0.0070,-0.0185,-0.3009,1.4009,-1.7838,-35.0577,0
6138792,1.0000,-0.0002,-0.0004,0.0008,0.0096,0.0078,0.3161,0.2907,0.2304,9.4831,-0.0131,-0.0221,0.0461,-0.7061,1.0027,-1.1880,0.9534,0.0070,-0.0185,-0.3010,1.4018,-1.7848,-35.0607,0
6139125,1.0000,-0.0002,-0.0004,0.0008,0.0099,0.0077,0.3169,0.2993,0.2280,9.5061,-0.0139,-0.0211,0.0463,-0.7080,1.0049,-1.1914,0.9534,0.0070,-0.0185,-0.3010,1.4012,-1.7839,-35.0632,0
6139459,1.0000,-0.0002,-0.0003,0.0008,0.0098,0.0078,0.3164,0.2969,0.2324,9.4922,-0.0138,-0.0206,0.0451,-0.7051,1.0039,-1.1934,0.9534,0.0070,-0.0185,-0.3010,1.4008,-1.7819,-35.0678,0
6139792,1.0000,-0.0002,-0.0003,0.0008,0.0097,0.0077,0.3165,0.2943,0.2276,9.4962,-0.0131,-0.0210,0.0458,-0.7061,1.0049,-1.1904,0.9534,0.0070,-0.0185,-0.3011,1.4018,-1.7807,-35.0707,0
6140125,1.0000,-0.0002,-0.0004,0.0008,0.0096,0.0078,0.3164,0.2919,0.2317,9.4911,-0.0139,-0.0215,0.0461,-0.7075,1.0044,-1.1929,0.9534,0.0070,-0.0185,-0.3011,1.4011,-1.7805,-35.0730,0
6140459,1.0000,-0.0002,-0.0004,0.0008,0.0097,0.0073,0.3163,0.2950,0.2166,9.4897,-0.0136,-0.0220,0.0463,-0.7104,1.0044,-1.1934,0.9534,0.0070,-0.0185,-0.3011,1.4009,-1.7812,-35.0749,0
6140792,1.0000,-0.0002,-0.0004,0.0008,0.0099,0.0076,0.3164,0.3005,0.2270,9.4927,-0.0139,-0.0211,0.0458,-0.7080,1.0044,-1.1938,0.9534,0.0070,-0.0185,-0.3011,1.4003,-1.7802,-35.0782,0
6141125,1.0000,-0.0002,-0.0003,0.0008,0.0097,0.0075,0.3160,0.2957,0.2239,9.4809,-0.0135,-0.0203,0.0453,-0.7065,1.0024,-1.1948,0.9534,0.0070,-0.0185,-0.3011,1.4004,-1.7776,-35.0820,0
6141459,1.0000,-0.0002,-0.0004,0.0008,0.0099,0.0078,0.3162,0.3003,0.2317,9.4874,-0.0126,-0.0217,0.0467,-0.7075,1.0029,-1.1973,0.9534,0.0070,-0.0185,-0.3012,1.4022,-1.7779,-35.0834,0
6141792,1.0000,-0.0002,-0.0004,0.0008,0.0097,0.0079,0.3163,0.2950,0.2352,9.4900,-0.0144,-0.0215,0.0466,-0.7070,1.0059,-1.1914,0.9534,0.0070,-0.0185,-0.3012,1.4006,-1.7776,-35.0848,0
6142126,1.0000,-0.0002,-0.0004,0.0007,0.0094,0.0077,0.3162,0.2853,0.2299,9.4873,-0.0139,-0.0217,0.0448,-0.7095,1.0039,-1.1953,0.9534,0.0070,-0.0185,-0.3012,1.4000,-1.7777,-35.0889,0
6142459,1.0000,-0.0002,-0.0004,0.0008,0.0101,0.0078,0.3168,0.3068,0.2322,9.5044,-0.0140,-0.0212,0.0450,-0.7075,1.0029,-1.1924,0.9533,0.0070,-0.0185,-0.3012,1.3993,-1.7768,-35.0935,0
6142792,1.0000,-0.0002,-0.0004,0.0008,0.0100,0.0080,0.3167,0.3028,0.2371,9.4996,-0.0141,-0.0214,0.0453,-0.7080,1.0068,-1.1943,0.9533,0.0070,-0.0185,-0.3013,1.3982,-1.7763,-35.0973,0
6143126,1.0000,-0.0002,-0.0004,0.0008,0.0101,0.0080,0.3166,0.3059,0.2384,9.4971,-0.0140,-0.0217,0.0464,-0.7085,1.0054,-1.1934,0.9533,0.0070,-0.0185,-0.3013,1.3975,-1.7765,-35.0985,0
6143459,1.0000,-0.0002,-0.0003,0.0008,0.0098,0.0076,0.3167,0.2977,0.2246,9.5010,-0.0136,-0.0205,0.0458,-0.7065,1.0068,-1.1948,0.9533,0.0070,-0.0184,-0.3013,1.3975,-1.7742,-35.1014,0
6143792,1.0000,-0.0002,-0.0004,0.0008,0.0093,0.0079,0.3162,0.2832,0.2342,9.4866,-0.0130,-0.0222,0.0458,-0.7080,1.0044,-1.1914,0.9533,0.0070,-0.0184,-0.3013,1.3985,-1.7753,-35.1039,0
6144126,1.0000,-0.0002,-0.0004,0.0008,0.0101,0.0077,0.3168,0.3059,0.2272,9.5046,-0.0142,-0.0227,0.0463,-0.7051,1.0059,-1.1953,0.9533,0.0069,-0.0185,-0.3013,1.3973,-1.7774,-35.1055,0
6144459,1.0000,-0.0002,-0.0004,0.0008,0.0097,0.0078,0.3163,0.2954,0.2301,9.4903,-0.0136,-0.0213,0.0465,-0.7100,1.0029,-1.1934,0.9533,0.0069,-0.0185,-0.3014,1.3972,-1.7769,-35.1064,0
6144792,1.0000,-0.0002,-0.0004,0.0008,0.0098,0.0077,0.3165,0.2986,0.2284,9.4959,-0.0131,-0.0212,0.0456,-0.7090,1.0063,-1.1943,0.9533,0.0070,-0.0185,-0.3014,1.3982,-1.7760,-35.1098,0
6145126,1.0000,-0.0002,-0.0004,0.0008,0.0097,0.0076,0.3164,0.2960,0.2268,9.4914,-0.0132,-0.0215,0.0457,-0.7070,1.0054,-1.1924,0.9533,0.0070,-0.0185,-0.3014,1.3988,-1.7758,-35.1129,0
6145459,1.0000,-0.0002,-0.0004,0.0008,0.0094,0.0080,0.3168,0.2867,0.2390,9.5035,-0.0134,-0.0214,0.0466,-0.7119,1.0044,-1.1987,0.9533,0.0070,-0.0185,-0.3014,1.3990,-1.7754,-35.1138,0
6145792,1.0000,-0.0002,-0.0003,0.0008,0.0100,0.0077,0.3162,0.3046,0.2288,9.4862,-0.0141,-0.0207,0.0460,-0.7090,1.0068,-1.1924,0.9533,0.0070,-0.0184,-0.3014,1.3981,-1.7736,-35.1164,0
6146126,1.0000,-0.0002,-0.0004,0.0008,0.0098,0.0072,0.3167,0.2987,0.2144,9.5019,-0.0141,-0.0223,0.0467,-0.7065,1.0034,-1.1943,0.9533,0.0069,-0.0184,-0.3014,1.3971,-1.7750,-35.1168,0
6146459,1.0000,-0.0002,-0.0004,0.0008,0.0098,0.0080,0.3163,0.2961,0.2381,9.4899,-0.0137,-0.0216,0.0465,-0.7080,1.0049,-1.1978,0.9533,0.0069,-0.0184,-0.3015,1.3969,-1.7751,-35.1182,0
6146792,1.0000,-0.0002,-0.0004,0.0008,0.0099,0.0078,0.3165,0.3001,0.2324,9.4951,-0.0133,-0.0221,0.0459,-0.7051,1.0066,-1.1914,0.9533,0.0069,-0.0185,-0.3015,1.3974,-1.7760,-35.1207,0
6147126,1.0000,-0.0002,-0.0003,0.0008,0.0098,0.0076,0.3165,0.2980,0.2252,9.4948,-0.0137,-0.0206,0.0461,-0.7085,1.0024,-1.1924,0.9533,0.0070,-0.0184,-0.3015,1.3971,-1.7741,-35.1223,0
6147459,1.0000,-0.0002,-0.0004,0.0007,0.0100,0.0074,0.3166,0.3029,0.2204,9.4977,-0.0133,-0.0212,0.0448,-0.7085,1.0029,-1.1943,0.9533,0.0070,-0.0184,-0.3015,1.3978,-1.7733,-35.1266,0
6147792,1.0000,-0.0002,-0.0004,0.0008,0.0099,0.0078,0.3168,0.3015,0.2302,9.5034,-0.0137,-0.0216,0.0454,-0.7041,1.0017,-1.1914,0.9532,0.0070,-0.0184,-0.3016,1.3976,-1.7733,-35.1301,0
6148126,1.0000,-0.0002,-0.0004,0.0008,0.0099,0.0080,0.3166,0.2995,0.2391,9.4975,-0.0128,-0.0222,0.0458,-0.7080,1.0059,-1.1958,0.9532,0.0070,-0.0184,-0.3016,1.3992,-1.7743,-35.1324,0
6148459,1.0000,-0.0002,-0.0003,0.0008,0.0100,0.0076,0.3160,0.3039,0.2268,9.4795,-0.0136,-0.0204,0.0468,-0.7061,1.0044,-1.1943,0.9532,0.0070,-0.0184,-0.3016,1.3990,-1.7721,-35.1328,0
6148792,1.0000,-0.0002,-0.0004,0.0007,0.0100,0.0078,0.3166,0.3024,0.2310,9.4991,-0.0139,-0.0219,0.0443,-0.7080,1.0044,-1.1890,0.9532,0.0070,-0.0184,-0.3016,1.3985,-1.7726,-35.1377,0
6149126,1.0000,-0.0002,-0.0004,0.0008,0.0097,0.0079,0.3164,0.2944,0.2338,9.4925,-0.0136,-0.0210,0.0464,-0.7046,1.0049,-1.1948,0.9532,0.0070,-0.0184,-0.3016,1.3984,-1.7715,-35.1387,0
6149459,1.0000,-0.0002,-0.0004,0.0008,0.0096,0.0081,0.3163,0.2917,0.2399,9.4879,-0.0136,-0.0213,0.0452,-0.7095,1.0034,-1.1924,0.9532,0.0070,-0.0184,-0.3016,1.3984,-1.7710,-35.1420,0
6149792,1.0000,-0.0002,-0.0004,0.0008,0.0101,0.0078,0.3163,0.3053,0.2329,9.4897,-0.0136,-0.0219,0.0461,-0.7036,1.0061,-1.1978,0.9532,0.0070,-0.0184,-0.3017,1.3985,-1.7716,-35.1442,0
6150126,1.0000,-0.0002,-0.0003,0.0008,0.0101,0.0080,0.3165,0.3065,0.2371,9.4942,-0.0129,-0.0202,0.0464,-0.7065,1.0034,-1.1914,0.9532,0.0070,-0.0184,-0.3017,1.3998,-1.7688,-35.1445,0
6150459,1.0000,-0.0002,-0.0003,0.0008,0.0098,0.0079,0.3165,0.2975,0.2361,9.4962,-0.0133,-0.0209,0.0454,-0.7080,1.0049,-1.1973,0.9532,0.0070,-0.0184,-0.3017,1.4004,-1.7676,-35.1476,0
6150792,1.0000,-0.0002,-0.0004,0.0008,0.0097,0.0079,0.3163,0.2940,0.2340,9.4901,-0.0139,-0.0218,0.0469,-0.7056,1.0020,-1.1992,0.9532,0.0070,-0.0184,-0.3017,1.3998,-1.7680,-35.1481,0
6151126,1.0000,-0.0002,-0.0003,0.0008,0.0099,0.0079,0.3159,0.3003,0.2331,9.4761,-0.0141,-0.0208,0.0462,-0.7065,1.0063,-1.1934,0.9532,0.0070,-0.0184,-0.3017,1.3988,-1.7666,-35.1496,0
6151459,1.0000,-0.0002,-0.0004,0.0008,0.0100,0.0075,0.3168,0.3040,0.2216,9.5030,-0.0141,-0.0214,0.0457,-0.7090,1.0054,-1.1978,0.9532,0.0070,-0.0184,-0.3017,1.3978,-1.7661,-35.1518,0
6151792,1.0000,-0.0002,-0.0003,0.0008,0.0093,0.0076,0.3163,0.2818,0.2256,9.4885,-0.0137,-0.0208,0.0462,-0.7046,1.0022,-1.1924,0.9532,0.0070,-0.0184,-0.3017,1.3976,-1.7645,-35.1534,0
6152126,1.0000,-0.0002,-0.0004,0.0008,0.0098,0.0075,0.3168,0.2962,0.2237,9.5026,-0.0134,-0.0214,0.0464,-0.7065,1.0044,-1.1919,0.9532,0.0070,-0.0184,-0.3018,1.3979,-1.7642,-35.1541,0
6152459,1.0000,-0.0002,-0.0004,0.0008,0.0102,0.0075,0.3168,0.3082,0.2236,9.5042,-0.0140,-0.0213,0.0464,-0.7100,1.0059,-1.1973,0.9532,0.0070,-0.0184,-0.3018,1.3970,-1.7637,-35.1552,0
6152792,1.0000,-0.0002,-0.0003,0.0008,0.0098,0.0073,0.3164,0.2963,0.2170,9.4913,-0.0143,-0.0209,0.0471,-0.7100,1.0024,-1.1963,0.9532,0.0070,-0.0183,-0.3018,1.3955,-1.7625,-35.1551,0
6153126,1.0000,-0.0002,-0.0004,0.0008,0.0095,0.0078,0.3171,0.2872,0.2320,9.5116,-0.0138,-0.0219,0.0458,-0.7065,1.0044,-1.1953,0.9532,0.0070,-0.0183,-0.3018,1.3951,-1.7631,-35.1572,0
6153459,1.0000,-0.0002,-0.0003,0.0008,0.0095,0.0079,0.3161,0.2880,0.2347,9.4824,-0.0133,-0.0209,0.0470,-0.7075,1.0054,-1.1929,0.9532,0.0070,-0.0183,-0.3018,1.3955,-1.7618,-35.1569,0
6153792,1.0000,-0.0002,-0.0003,0.0008,0.0096,0.0079,0.3167,0.2917,0.2344,9.5020,-0.0132,-0.0209,0.0462,-0.7065,1.0049,-1.1904,0.9532,0.0070,-0.0183,-0.3018,1.3962,-1.7605,-35.1583,0
6154126,1.0000,-0.0002,-0.0003,0.0008,0.0099,0.0075,0.3167,0.3003,0.2213,9.5004,-0.0135,-0.0199,0.0460,-0.7070,1.0044,-1.1934,0.9532,0.0070,-0.0183,-0.3018,1.3964,-1.7573,-35.1602,0
6154459,1.0000,-0.0002,-0.0003,0.0008,0.0099,0.0077,0.3162,0.3020,0.2289,9.4873,-0.0132,-0.0209,0.0457,-0.7100,1.0005,-1.1958,0.9532,0.0070,-0.0183,-0.3018,1.3972,-1.7560,-35.1625,0
6154792,1.0000,-0.0002,-0.0004,0.0008,0.0095,0.0079,0.3166,0.2875,0.2340,9.4976,-0.0139,-0.0222,0.0463,-0.7085,1.0049,-1.1919,0.9532,0.0070,-0.0183,-0.3018,1.3966,-1.7571,-35.1642,0
6155126,1.0000,-0.0002,-0.0004,0.0008,0.0098,0.0078,0.3158,0.2975,0.2318,9.4748,-0.0139,-0.0216,0.0451,-0.7056,1.0029,-1.1934,0.9531,0.0069,-0.0187,-0.3019,1.3986,-1.7989,-35.1728,0
6155459,1.0000,-0.0002,-0.0004,0.0008,0.0099,0.0082,0.3164,0.3014,0.2448,9.4930,-0.0138,-0.0226,0.0465,-0.7085,1.0000,-1.1929,0.9531,0.0069,-0.0187,-0.3019,1.3981,-1.8010,-35.1735,0
6155792,1.0000,-0.0002,-0.0003,0.0008,0.0098,0.0077,0.3166,0.2983,0.2297,9.4978,-0.0141,-0.0209,0.0456,-0.7065,1.0054,-1.1997,0.9531,0.0069,-0.0187,-0.3019,1.3972,-1.8000,-35.1760,0
6156126,1.0000,-0.0002,-0.0003,0.0008,0.0098,0.0079,0.3160,0.2978,0.2339,9.4791,-0.0141,-0.0197,0.0458,-0.7070,1.0024,-1.1968,0.9531,0.0069,-0.0186,-0.3019,1.3963,-1.7965,-35.1778,0
6156459,1.0000,-0.0002,-0.0004,0.0008,0.0099,0.0077,0.3168,0.2997,0.2294,9.5032,-0.0140,-0.0220,0.0466,-0.7090,1.0044,-1.1973,0.9531,0.0069,-0.0186,-0.3020,1.3955,-1.7975,-35.1786,0
6156792,1.0000,-0.0002,-0.0004,0.0008,0.0100,0.0077,0.3167,0.3029,0.2292,9.4995,-0.0141,-0.0213,0.0463,-0.7109,1.0034,-1.1982,0.9531,0.0069,-0.0186,-0.3020,1.3944,-1.7971,-35.1796,0
6157126,1.0000,-0.0002,-0.0004,0.0008,0.0097,0.0078,0.3167,0.2938,0.2330,9.5017,-0.0132,-0.0224,0.0463,-0.7090,1.0029,-1.1909,0.9531,0.0069,-0.0186,-0.3020,1.3952,-1.7989,-35.1810,0
6157459,1.0000,-0.0002,-0.0004,0.0008,0.0100,0.0079,0.3165,0.3039,0.2341,9.4954,-0.0138,-0.0221,0.0460,-0.7065,1.0034,-1.1943,0.9531,0.0069,-0.0187,-0.3020,1.3948,-1.8001,-35.1826,0
6157792,1.0000,-0.0002,-0.0004,0.0008,0.0098,0.0078,0.3163,0.2967,0.2318,9.4880,-0.0135,-0.0214,0.0460,-0.7056,1.0044,-1.1948,0.9531,0.0069,-0.0186,-0.3020,1.3949,-1.7999,-35.1841,0
6158126,1.0000,-0.0002,-0.0004,0.0008,0.0099,0.0076,0.3168,0.2999,0.2256,9.5054,-0.0134,-0.0218,0.0466,-0.7075,1.0049,-1.1885,0.9531,0.0069,-0.0187,-0.3020,1.3953,-1.8006,-35.1842,0
6158459,1.0000,-0.0002,-0.0003,0.0008,0.0098,0.0081,0.3166,0.2982,0.2395,9.4972,-0.0134,-0.0210,0.0460,-0.7090,1.0024,-1.1968,0.9531,0.0069,-0.0186,-0.3020,1.3956,-1.7996,-35.1857,0
6158793,1.0000,-0.0002,-0.0004,0.0008,0.0097,0.0078,0.3164,0.2959,0.2323,9.4910,-0.0139,-0.0210,0.0463,-0.7080,1.0034,-1.1943,0.9531,0.0069,-0.0186,-0.3020,1.3950,-1.7989,-35.1863,0
6159126,1.0000,-0.0002,-0.0003,0.0008,0.0099,0.0080,0.3163,0.3013,0.2371,9.4880,-0.0143,-0.0201,0.0457,-0.7080,1.0024,-1.1938,0.9531,0.0069,-0.0186,-0.3020,1.3937,-1.7962,-35.1883,0
6159459,1.0000,-0.0002,-0.0004,0.0008,0.0099,0.0074,0.3163,0.2992,0.2197,9.4877,-0.0139,-0.0218,0.0465,-0.7090,1.0063,-1.1919,0.9531,0.0068,-0.0186,-0.3020,1.3930,-1.7969,-35.1892,0
6159793,1.0000,-0.0002,-0.0003,0.0008,0.0098,0.0077,0.3166,0.2961,0.2298,9.4988,-0.0132,-0.0208,0.0451,-0.7061,1.0044,-1.1963,0.9531,0.0069,-0.0186,-0.3021,1.3938,-1.7955,-35.1925,0
6160126,1.0000,-0.0002,-0.0004,0.0008,0.0102,0.0077,0.3164,0.3082,0.2284,9.4910,-0.0131,-0.0219,0.0459,-0.7100,1.0059,-1.1899,0.9531,0.0069,-0.0186,-0.3021,1.3947,-1.7963,-35.1940,0
6160459,1.0000,-0.0002,-0.0004,0.0008,0.0099,0.0079,0.3164,0.2991,0.2361,9.4924,-0.0130,-0.0212,0.0454,-0.7085,1.0020,-1.1963,0.9531,0.0069,-0.0186,-0.3021,1.3957,-1.7958,-35.1965,0
6160793,1.0000,-0.0002,-0.0004,0.0008,0.0100,0.0077,0.3166,0.3030,0.2278,9.4969,-0.0135,-0.0221,0.0453,-0.7056,1.0054,-1.1938,0.9531,0.0069,-0.0186,-0.3021,1.3959,-1.7970,-35.1993,0
6161126,1.0000,-0.0002,-0.0004,0.0008,0.0097,0.0079,0.3165,0.2946,0.2344,9.4949,-0.0138,-0.0216,0.0457,-0.7090,1.0024,-1.1885,0.9531,0.0069,-0.0186,-0.3021,1.3955,-1.7973,-35.2010,0
6161459,1.0000,-0.0002,-0.0003,0.0008,0.0099,0.0079,0.3169,0.2992,0.2350,9.5059,-0.0133,-0.0206,0.0456,-0.7100,1.0034,-1.1968,0.9531,0.0069,-0.0186,-0.3022,1.3961,-1.7957,-35.2034,0
6161793,1.0000,-0.0002,-0.0003,0.0008,0.0095,0.0079,0.3169,0.2888,0.2340,9.5081,-0.0149,-0.0207,0.0462,-0.7056,1.0046,-1.1914,0.9530,0.0069,-0.0186,-0.3022,1.3936,-1.7942,-35.2046,0
6162126,1.0000,-0.0002,-0.0004,0.0008,0.0098,0.0078,0.3167,0.2969,0.2303,9.4996,-0.0138,-0.0221,0.0457,-0.7080,1.0049,-1.1934,0.9530,0.0068,-0.0186,-0.3022,1.3932,-1.7955,-35.2064,0
6162459,1.0000,-0.0002,-0.0004,0.0008,0.0100,0.0080,0.3167,0.3036,0.2377,9.4996,-0.0138,-0.0214,0.0464,-0.7085,1.0029,-1.1929,0.9530,0.0068,-0.0186,-0.3022,1.3928,-1.7953,-35.2071,0
6162793,1.0000,-0.0002,-0.0003,0.0008,0.0096,0.0082,0.3165,0.2904,0.2433,9.4954,-0.0133,-0.0207,0.0466,-0.7046,1.0061,-1.1895,0.9530,0.0069,-0.0186,-0.3022,1.3933,-1.7939,-35.2071,0
6163126,1.0000,-0.0002,-0.0004,0.0008,0.0097,0.0079,0.3169,0.2940,0.2334,9.5077,-0.0142,-0.0212,0.0460,-0.7100,1.0044,-1.1909,0.9530,0.0068,-0.0186,-0.3022,1.3921,-1.7934,-35.2081,0
6163459,1.0000,-0.0002,-0.0004,0.0008,0.0099,0.0078,0.3165,0.3014,0.2328,9.4959,-0.0127,-0.0214,0.0463,-0.7080,1.0068,-1.1929,0.9530,0.0069,-0.0186,-0.3022,1.3938,-1.7934,-35.2089,0
6163793,1.0000,-0.0002,-0.0004,0.0008,0.0096,0.0076,0.3168,0.2910,0.2251,9.5043,-0.0140,-0.0213,0.0462,-0.7070,1.0024,-1.1899,0.9530,0.0069,-0.0186,-0.3022,1.3930,-1.7930,-35.2095,0
6164126,1.0000,-0.0002,-0.0004,0.0008,0.0098,0.0078,0.3160,0.2979,0.2318,9.4786,-0.0141,-0.0213,0.0472,-0.7090,1.0020,-1.1904,0.9530,0.0068,-0.0186,-0.3022,1.3921,-1.7929,-35.2084,0
6164459,1.0000,-0.0002,-0.0004,0.0008,0.0102,0.0077,0.3161,0.3091,0.2301,9.4843,-0.0131,-0.0218,0.0463,-0.7051,1.0049,-1.1982,0.9530,0.0069,-0.0186,-0.3022,1.3930,-1.7936,-35.2095,0
6164793,1.0000,-0.0002,-0.0003,0.0008,0.0096,0.0076,0.3164,0.2923,0.2270,9.4927,-0.0139,-0.0207,0.0465,-0.7085,1.0049,-1.1958,0.9530,0.0068,-0.0186,-0.3022,1.3923,-1.7922,-35.2094,0
6165126,1.0000,-0.0002,-0.0003,0.0008,0.0094,0.0079,0.3161,0.2848,0.2349,9.4840,-0.0137,-0.0206,0.0456,-0.7075,1.0049,-1.1948,0.9530,0.0069,-0.0186,-0.3022,1.3920,-1.7906,-35.2114,0
6165459,1.0000,-0.0002,-0.0004,0.0008,0.0097,0.0078,0.3168,0.2955,0.2308,9.5030,-0.0144,-0.0221,0.0453,-0.7056,1.0039,-1.1919,0.9530,0.0068,-0.0186,-0.3022,1.3905,-1.7918,-35.2138,0
6165793,1.0000,-0.0002,-0.0004,0.0008,0.0098,0.0075,0.3166,0.2980,0.2238,9.4968,-0.0128,-0.0215,0.0451,-0.7075,1.0049,-1.1924,0.9530,0.0068,-0.0186,-0.3023,1.3920,-1.7918,-35.2167,0
6166126,1.0000,-0.0002,-0.0004,0.0008,0.0099,0.0079,0.3169,0.2996,0.2344,9.5062,-0.0139,-0.0216,0.0455,-0.7085,1.0039,-1.1880,0.9530,0.0068,-0.0186,-0.3023,1.3916,-1.7920,-35.2190,0
6166459,1.0000,-0.0002,-0.0004,0.0008,0.0097,0.0077,0.3165,0.2941,0.2301,9.4939,-0.0134,-0.0218,0.0459,-0.7070,1.0049,-1.1934,0.9530,0.0068,-0.0186,-0.3023,1.3919,-1.7926,-35.2210,0
6166793,1.0000,-0.0002,-0.0003,0.0008,0.0097,0.0080,0.3163,0.2940,0.2389,9.4885,-0.0140,-0.0208,0.0460,-0.7051,1.0059,-1.1953,0.9530,0.0068,-0.0186,-0.3023,1.3912,-1.7913,-35.2220,0
6167126,1.0000,-0.0002,-0.0004,0.0008,0.0099,0.0076,0.3164,0.3007,0.2264,9.4908,-0.0133,-0.0234,0.0461,-0.7085,1.0049,-1.1924,0.9530,0.0068,-0.0186,-0.3023,1.3919,-1.7951,-35.2227,0
6167459,1.0000,-0.0002,-0.0004,0.0008,0.0097,0.0079,0.3164,0.2955,0.2334,9.4930,-0.0134,-0.0223,0.0453,-0.7065,1.0054,-1.1973,0.9530,0.0068,-0.0186,-0.3023,1.3924,-1.7966,-35.2255,0
6167793,1.0000,-0.0002,-0.0004,0.0008,0.0098,0.0078,0.3164,0.2969,0.2329,9.4905,-0.0133,-0.0216,0.0466,-0.7031,1.0042,-1.1914,0.9530,0.0068,-0.0186,-0.3023,1.3929,-1.7968,-35.2256,0
6168126,1.0000,-0.0002,-0.0004,0.0008,0.0097,0.0079,0.3165,0.2949,0.2359,9.4954,-0.0142,-0.0215,0.0460,-0.7036,1.0032,-1.1899,0.9530,0.0068,-0.0186,-0.3023,1.3917,-1.7969,-35.2265,0
6168459,1.0000,-0.0002,-0.0003,0.0008,0.0098,0.0078,0.3163,0.2978,0.2307,9.4902,-0.0145,-0.0197,0.0457,-0.7070,1.0044,-1.1973,0.9530,0.0068,-0.0186,-0.3024,1.3900,-1.7935,-35.2278,0
6168793,1.0000,-0.0002,-0.0004,0.0008,0.0098,0.0079,0.3164,0.2974,0.2336,9.4926,-0.0135,-0.0212,0.0458,-0.7070,1.0044,-1.1938,0.9530,0.0068,-0.0186,-0.3024,1.3902,-1.7930,-35.2296,0
6169126,1.0000,-0.0002,-0.0003,0.0008,0.0098,0.0075,0.3167,0.2964,0.2237,9.5023,-0.0131,-0.0200,0.0471,-0.7090,1.0049,-1.1924,0.9530,0.0068,-0.0186,-0.3024,1.3912,-1.7903,-35.2285,0
6169459,1.0000,-0.0002,-0.0004,0.0008,0.0098,0.0079,0.3162,0.2964,0.2342,9.4855,-0.0134,-0.0228,0.0460,-0.7070,1.0029,-1.1929,0.9530,0.0068,-0.0186,-0.3024,1.3915,-1.7928,-35.2296,0
6169793,1.0000,-0.0002,-0.0004,0.0008,0.0101,0.0077,0.3163,0.3063,0.2288,9.4877,-0.0137,-0.0211,0.0466,-0.7090,1.0039,-1.1934,0.9530,0.0068,-0.0186,-0.3024,1.3913,-1.7921,-35.2296,0
6170126,1.0000,-0.0002,-0.0004,0.0008,0.0099,0.0075,0.3164,0.3009,0.2230,9.4911,-0.0132,-0.0216,0.0469,-0.7070,1.0039,-1.1919,0.9530,0.0068,-0.0186,-0.3024,1.3919,-1.7924,-35.2293,0
6170459,1.0000,-0.0002,-0.0004,0.0008,0.0099,0.0078,0.3163,0.3000,0.2328,9.4875,-0.0139,-0.0235,0.0451,-0.7080,1.0029,-1.1968,0.9530,0.0068,-0.0186,-0.3024,1.3914,-1.7962,-35.2325,0
6170793,1.0000,-0.0002,-0.0004,0.0008,0.0093,0.0080,0.3163,0.2833,0.2383,9.4885,-0.0140,-0.0216,0.0456,-0.7090,1.0049,-1.1909,0.9530,0.0068,-0.0186,-0.3024,1.3907,-1.7964,-35.2349,0
6171126,1.0000,-0.0002,-0.0004,0.0007,0.0100,0.0080,0.3173,0.3025,0.2389,9.5182,-0.0137,-0.0216,0.0447,-0.7075,1.0059,-1.1899,0.9530,0.0068,-0.0186,-0.3024,1.3905,-1.7967,-35.2385,0
6171459,1.0000,-0.0002,-0.0004,0.0008,0.0097,0.0078,0.3164,0.2956,0.2301,9.4907,-0.0145,-0.0211,0.0460,-0.7070,1.0054,-1.1909,0.9530,0.0068,-0.0186,-0.3025,1.3887,-1.7961,-35.2394,0
6171793,1.0000,-0.0002,-0.0004,0.0007,0.0098,0.0080,0.3166,0.2988,0.2369,9.4969,-0.0143,-0.0217,0.0446,-0.7075,1.0049,-1.1904,0.9529,0.0068,-0.0186,-0.3025,1.3875,-1.7964,-35.2431,0
6172126,1.0000,-0.0002,-0.0003,0.0008,0.0099,0.0081,0.3168,0.3001,0.2401,9.5025,-0.0140,-0.0209,0.0460,-0.7085,1.0044,-1.1914,0.9529,0.0068,-0.0186,-0.3025,1.3866,-1.7955,-35.2440,0
6172459,1.0000,-0.0002,-0.0004,0.0008,0.0099,0.0078,0.3167,0.3013,0.2312,9.5003,-0.0140,-0.0215,0.0462,-0.7075,1.0054,-1.1982,0.9529,0.0068,-0.0186,-0.3025,1.3859,-1.7955,-35.2447,0
6172793,1.0000,-0.0002,-0.0003,0.0008,0.0098,0.0076,0.3159,0.2973,0.2270,9.4758,-0.0137,-0.0202,0.0462,-0.7070,1.0073,-1.1978,0.9529,0.0068,-0.0186,-0.3025,1.3858,-1.7932,-35.2453,0
6173126,1.0000,-0.0002,-0.0004,0.0008,0.0096,0.0082,0.3164,0.2927,0.2426,9.4918,-0.0141,-0.0219,0.0461,-0.7075,1.0049,-1.1909,0.9529,0.0068,-0.0186,-0.3025,1.3848,-1.7942,-35.2459,0
6173459,1.0000,-0.0002,-0.0004,0.0008,0.0097,0.0077,0.3160,0.2952,0.2288,9.4795,-0.0134,-0.0218,0.0458,-0.7085,1.0039,-1.1934,0.9529,0.0068,-0.0186,-0.3025,1.3851,-1.7948,-35.2472,0
6173793,1.0000,-0.0002,-0.0004,0.0008,0.0102,0.0081,0.3165,0.3093,0.2393,9.4959,-0.0133,-0.0215,0.0465,-0.7070,1.0059,-1.1987,0.9529,0.0068,-0.0186,-0.3025,1.3856,-1.7950,-35.2473,0
6174126,1.0000,-0.0002,-0.0004,0.0008,0.0097,0.0078,0.3169,0.2949,0.2312,9.5055,-0.0142,-0.0216,0.0457,-0.7070,1.0044,-1.1919,0.9529,0.0068,-0.0186,-0.3025,1.3845,-1.7952,-35.2486,0
6174459,1.0000,-0.0002,-0.0004,0.0008,0.0100,0.0081,0.3161,0.3022,0.2396,9.4815,-0.0135,-0.0216,0.0450,-0.7095,1.0034,-1.1982,0.9529,0.0068,-0.0186,-0.3026,1.3847,-1.7954,-35.2515,0
6174793,1.0000,-0.0002,-0.0004,0.0008,0.0098,0.0077,0.3170,0.2970,0.2300,9.5102,-0.0138,-0.0217,0.0465,-0.7075,1.0005,-1.1914,0.9529,0.0068,-0.0186,-0.3026,1.3842,-1.7958,-35.2518,0
6175126,1.0000,-0.0002,-0.0004,0.0008,0.0099,0.0074,0.3164,0.2994,0.2196,9.4922,-0.0138,-0.0213,0.0460,-0.7075,1.0059,-1.1919,0.9529,0.0069,-0.0186,-0.3026,1.3986,-1.7930,-35.2523,0
6175460,1.0000,-0.0002,-0.0004,0.0008,0.0100,0.0078,0.3161,0.3031,0.2302,9.4827,-0.0138,-0.0223,0.0455,-0.7095,1.0044,-1.1948,0.9529,0.0069,-0.0186,-0.3026,1.3984,-1.7946,-35.2541,0
6175793,1.0000,-0.0002,-0.0004,0.0008,0.0100,0.0078,0.3162,0.3038,0.2320,9.4868,-0.0142,-0.0211,0.0452,-0.7061,1.0024,-1.1953,0.9529,0.0069,-0.0186,-0.3026,1.3973,-1.7940,-35.2566,0
6176126,1.0000,-0.0002,-0.0004,0.0008,0.0095,0.0078,0.3164,0.2891,0.2320,9.4926,-0.0136,-0.0222,0.0463,-0.7056,1.0063,-1.1958,0.9529,0.0069,-0.0186,-0.3026,1.3975,-1.7953,-35.2570,0
6176460,1.0000,-0.0002,-0.0004,0.0008,0.0099,0.0080,0.3164,0.3007,0.2371,9.4914,-0.0136,-0.0230,0.0458,-0.7070,1.0020,-1.1924,0.9529,0.0069,-0.0186,-0.3026,1.3975,-1.7983,-35.2583,0
6176793,1.0000,-0.0002,-0.0004,0.0008,0.0097,0.0077,0.3170,0.2954,0.2288,9.5114,-0.0137,-0.0212,0.0461,-0.7080,1.0054,-1.1948,0.9529,0.0069,-0.0186,-0.3026,1.3973,-1.7979,-35.2591,0
6177126,1.0000,-0.0002,-0.0004,0.0008,0.0097,0.0083,0.3163,0.2959,0.2469,9.4894,-0.0133,-0.0219,0.0471,-0.7075,1.0029,-1.1958,0.9529,0.0069,-0.0187,-0.3026,1.3978,-1.7990,-35.2578,0
6177460,1.0000,-0.0002,-0.0003,0.0008,0.0099,0.0081,0.3165,0.3008,0.2420,9.4957,-0.0141,-0.0206,0.0460,-0.7065,1.0020,-1.1929,0.9529,0.0069,-0.0186,-0.3026,1.3969,-1.7974,-35.2586,0
6177793,1.0000,-0.0002,-0.0004,0.0008,0.0102,0.0079,0.3164,0.3094,0.2332,9.4911,-0.0149,-0.0218,0.0457,-0.7041,1.0046,-1.1929,0.9529,0.0068,-0.0186,-0.3026,1.3945,-1.7981,-35.2602,0
6178126,1.0000,-0.0002,-0.0003,0.0008,0.0099,0.0078,0.3166,0.2996,0.2318,9.4969,-0.0131,-0.0205,0.0469,-0.7065,1.0044,-1.1904,0.9529,0.0069,-0.0186,-0.3026,1.3955,-1.7963,-35.2589,0
6178460,1.0000,-0.0002,-0.0004,0.0008,0.0101,0.0075,0.3162,0.3059,0.2223,9.4859,-0.0139,-0.0216,0.0459,-0.7080,1.0020,-1.1982,0.9529,0.0069,-0.0186,-0.3026,1.3950,-1.7967,-35.2598,0
6178793,1.0000,-0.0002,-0.0004,0.0008,0.0100,0.0079,0.3165,0.3047,0.2351,9.4958,-0.0135,-0.0222,0.0460,-0.7085,1.0068,-1.1919,0.9529,0.0068,-0.0186,-0.3026,1.3952,-1.7981,-35.2607,0
6179126,1.0000,-0.0002,-0.0004,0.0008,0.0099,0.0080,0.3170,0.3007,0.2363,9.5091,-0.0141,-0.0213,0.0461,-0.7085,1.0059,-1.1909,0.9529,0.0068,-0.0186,-0.3026,1.3944,-1.7978,-35.2613,0
6179460,1.0000,-0.0002,-0.0003,0.0008,0.0098,0.0077,0.3165,0.2964,0.2289,9.4940,-0.0136,-0.0209,0.0460,-0.7070,1.0063,-1.1968,0.9529,0.0068,-0.0186,-0.3026,1.3944,-1.7968,-35.2624,0
6179793,1.0000,-0.0002,-0.0004,0.0008,0.0098,0.0078,0.3161,0.2977,0.2320,9.4824,-0.0141,-0.0221,0.0457,-0.7061,1.0029,-1.1909,0.9529,0.0068,-0.0186,-0.3027,1.3937,-1.7980,-35.2638,0
6180126,1.0000,-0.0002,-0.0004,0.0008,0.0097,0.0080,0.3167,0.2955,0.2378,9.4995,-0.0138,-0.0225,0.0462,-0.7056,1.0029,-1.1914,0.9529,0.0068,-0.0187,-0.3027,1.3934,-1.8000,-35.2641,0
6180460,1.0000,-0.0002,-0.0003,0.0008,0.0099,0.0080,0.3160,0.2999,0.2363,9.4806,-0.0132,-0.0204,0.0471,-0.7065,1.0020,-1.1909,0.9529,0.0068,-0.0186,-0.3027,1.3940,-1.7981,-35.2629,0
6180793,1.0000,-0.0002,-0.0003,0.0008,0.0097,0.0079,0.3159,0.2935,0.2359,9.4772,-0.0137,-0.0197,0.0456,-0.7070,1.0029,-1.1885,0.9529,0.0068,-0.0186,-0.3027,1.3939,-1.7948,-35.2647,0
6181126,1.0000,-0.0002,-0.0004,0.0008,0.0099,0.0078,0.3164,0.3010,0.2320,9.4917,-0.0146,-0.0213,0.0467,-0.7056,1.0015,-1.1899,0.9529,0.0068,-0.0186,-0.3027,1.3920,-1.7946,-35.2643,0
6181460,1.0000,-0.0002,-0.0004,0.0008,0.0100,0.0079,0.3169,0.3032,0.2342,9.5080,-0.0140,-0.0221,0.0461,-0.7075,1.0059,-1.1982,0.9529,0.0068,-0.0186,-0.3027,1.3912,-1.7958,-35.2651,0
6181793,1.0000,-0.0002,-0.0003,0.0008,0.0098,0.0078,0.3167,0.2976,0.2312,9.5018,-0.0145,-0.0202,0.0461,-0.7070,1.0020,-1.1924,0.9529,0.0068,-0.0186,-0.3027,1.3895,-1.7934,-35.2657,0
6182126,1.0000,-0.0002,-0.0004,0.0008,0.0099,0.0078,0.3163,0.3015,0.2315,9.4903,-0.0139,-0.0211,0.0466,-0.7070,1.0068,-1.1982,0.9529,0.0068,-0.0186,-0.3027,1.3889,-1.7927,-35.2653,0
6182460,1.0000,-0.0002,-0.0004,0.0008,0.0099,0.0077,0.3164,0.2992,0.2291,9.4912,-0.0139,-0.0214,0.0465,-0.7095,1.0039,-1.1909,0.9529,0.0068,-0.0186,-0.3027,1.3884,-1.7926,-35.2651,0
6182793,1.0000,-0.0002,-0.0004,0.0008,0.0097,0.0079,0.3163,0.2933,0.2357,9.4884,-0.0138,-0.0213,0.0454,-0.7085,1.0034,-1.1899,0.9529,0.0068,-0.0186,-0.3027,1.3882,-1.7923,-35.2673,0
6183126,1.0000,-0.0002,-0.0004,0.0008,0.0097,0.0078,0.3164,0.2950,0.2319,9.4917,-0.0142,-0.0212,0.0452,-0.7051,1.0024,-1.1938,0.9529,0.0068,-0.0186,-0.3027,1.3871,-1.7918,-35.2696,0
6183460,1.0000,-0.0002,-0.0003,0.0008,0.0100,0.0077,0.3168,0.3033,0.2299,9.5026,-0.0145,-0.0209,0.0458,-0.7085,1.0020,-1.1919,0.9529,0.0068,-0.0186,-0.3027,1.3855,-1.7907,-35.2709,0
6183793,1.0000,-0.0002,-0.0004,0.0008,0.0096,0.0083,0.3163,0.2910,0.2479,9.4882,-0.0141,-0.0224,0.0459,-0.7070,1.0029,-1.1934,0.9529,0.0068,-0.0186,-0.3027,1.3846,-1.7925,-35.2719,0
6184126,1.0000,-0.0002,-0.0003,0.0008,0.0102,0.0080,0.3165,0.3094,0.2388,9.4945,-0.0146,-0.0199,0.0457,-0.7065,1.0059,-1.1987,0.9529,0.0068,-0.0185,-0.3027,1.3828,-1.7895,-35.2731,0
6184460,1.0000,-0.0002,-0.0003,0.0008,0.0098,0.0076,0.3164,0.2980,0.2256,9.4905,-0.0140,-0.0201,0.0468,-0.7085,1.0024,-1.1958,0.9529,0.0068,-0.0185,-0.3027,1.3820,-1.7869,-35.2723,0
6184793,1.0000,-0.0002,-0.0004,0.0008,0.0101,0.0073,0.3167,0.3057,0.2169,9.5009,-0.0139,-0.0214,0.0455,-0.7051,1.0049,-1.1973,0.9529,0.0068,-0.0185,-0.3027,1.3814,-1.7868,-35.2742,0
6185126,1.0000,-0.0002,-0.0003,0.0008,0.0099,0.0075,0.3163,0.2992,0.2232,9.4902,-0.0131,-0.0209,0.0459,-0.7090,1.0029,-1.1929,0.9529,0.0068,-0.0185,-0.3028,1.3824,-1.7858,-35.2749,0
6185460,1.0000,-0.0002,-0.0003,0.0008,0.0099,0.0076,0.3163,0.3005,0.2253,9.4884,-0.0135,-0.0210,0.0455,-0.7090,1.0020,-1.1958,0.9529,0.0068,-0.0185,-0.3028,1.3827,-1.7849,-35.2770,0
6185793,1.0000,-0.0002,-0.0004,0.0008,0.0098,0.0077,0.3165,0.2986,0.2282,9.4948,-0.0130,-0.0213,0.0466,-0.7075,1.0029,-1.1973,0.9529,0.0068,-0.0185,-0.3028,1.3838,-1.7847,-35.2768,0
6186126,1.0000,-0.0002,-0.0003,0.0008,0.0100,0.0075,0.3165,0.3032,0.2234,9.4955,-0.0140,-0.0206,0.0462,-0.7075,1.0020,-1.1919,0.9529,0.0068,-0.0185,-0.3028,1.3831,-1.7830,-35.2773,0
6186460,1.0000,-0.0002,-0.0003,0.0007,0.0097,0.0080,0.3166,0.2929,0.2369,9.4975,-0.0131,-0.0201,0.0448,-0.7075,1.0029,-1.1909,0.9529,0.0068,-0.0185,-0.3028,1.3842,-1.7804,-35.2804,0
6186793,1.0000,-0.0002,-0.0004,0.0008,0.0099,0.0077,0.3163,0.3021,0.2290,9.4881,-0.0144,-0.0229,0.0457,-0.7090,1.0049,-1.1924,0.9528,0.0068,-0.0185,-0.3028,1.3827,-1.7832,-35.2817,0
6187126,1.0000,-0.0002,-0.0004,0.0008,0.0101,0.0080,0.3160,0.3055,0.2385,9.4812,-0.0144,-0.0212,0.0456,-0.7095,1.0054,-1.1982,0.9528,0.0068,-0.0185,-0.3028,1.3813,-1.7828,-35.2833,0
6187460,1.0000,-0.0002,-0.0004,0.0008,0.0097,0.0078,0.3161,0.2960,0.2316,9.4844,-0.0127,-0.0213,0.0452,-0.7085,1.0044,-1.1938,0.9528,0.0068,-0.0185,-0.3028,1.3831,-1.7825,-35.2858,0
6187793,1.0000,-0.0002,-0.0004,0.0008,0.0099,0.0076,0.3165,0.3014,0.2248,9.4945,-0.0130,-0.0210,0.0451,-0.7080,1.0029,-1.1978,0.9528,0.0068,-0.0185,-0.3029,1.3844,-1.7817,-35.2884,0
6188126,1.0000,-0.0002,-0.0003,0.0008,0.0097,0.0078,0.3165,0.2938,0.2304,9.4958,-0.0136,-0.0206,0.0459,-0.7070,1.0024,-1.1904,0.9528,0.0068,-0.0185,-0.3029,1.3845,-1.7801,-35.2894,0
6188460,1.0000,-0.0002,-0.0004,0.0008,0.0096,0.0079,0.3167,0.2904,0.2343,9.4999,-0.0137,-0.0222,0.0462,-0.7095,1.0039,-1.1938,0.9528,0.0068,-0.0185,-0.3029,1.3844,-1.7816,-35.2900,0
6188793,1.0000,-0.0002,-0.0004,0.0008,0.0100,0.0078,0.3166,0.3033,0.2310,9.4991,-0.0134,-0.0218,0.0467,-0.7061,1.0068,-1.1919,0.9528,0.0068,-0.0185,-0.3029,1.3849,-1.7822,-35.2895,0
6189126,1.0000,-0.0002,-0.0004,0.0008,0.0096,0.0079,0.3165,0.2925,0.2356,9.4961,-0.0136,-0.0217,0.0461,-0.7100,1.0044,-1.1948,0.9528,0.0068,-0.0185,-0.3029,1.3849,-1.7827,-35.2900,0
6189460,1.0000,-0.0002,-0.0004,0.0008,0.0095,0.0076,0.3159,0.2895,0.2261,9.4781,-0.0141,-0.0217,0.0458,-0.7085,1.0024,-1.1904,0.9528,0.0068,-0.0185,-0.3029,1.3841,-1.7831,-35.2914,0
6189793,1.0000,-0.0002,-0.0004,0.0008,0.0098,0.0079,0.3167,0.2978,0.2335,9.4997,-0.0136,-0.0215,0.0461,-0.7085,1.0024,-1.1948,0.9528,0.0068,-0.0185,-0.3029,1.3841,-1.7833,-35.2922,0
6190126,1.0000,-0.0002,-0.0004,0.0008,0.0102,0.0080,0.3172,0.3084,0.2378,9.5171,-0.0134,-0.0217,0.0452,-0.7085,1.0059,-1.1938,0.9528,0.0068,-0.0185,-0.3029,1.3846,-1.7838,-35.2947,0
6190460,1.0000,-0.0002,-0.0003,0.0008,0.0099,0.0079,0.3169,0.3012,0.2343,9.5059,-0.0133,-0.0200,0.0455,-0.7095,1.0059,-1.1953,0.9528,0.0068,-0.0185,-0.3029,1.3854,-1.7810,-35.2964,0
6190793,1.0000,-0.0002,-0.0004,0.0008,0.0100,0.0078,0.3167,0.3020,0.2324,9.5012,-0.0136,-0.0211,0.0451,-0.7070,1.0054,-1.1934,0.9528,0.0068,-0.0185,-0.3030,1.3855,-1.7804,-35.2988,0
6191126,1.0000,-0.0002,-0.0004,0.0008,0.0098,0.0077,0.3163,0.2978,0.2284,9.4896,-0.0144,-0.0216,0.0464,-0.7075,1.0044,-1.1953,0.9528,0.0068,-0.0185,-0.3030,1.3841,-1.7807,-35.2987,0
6191460,1.0000,-0.0002,-0.0004,0.0008,0.0097,0.0076,0.3165,0.2957,0.2267,9.4936,-0.0138,-0.0218,0.0465,-0.7041,1.0027,-1.1909,0.9528,0.0068,-0.0185,-0.3030,1.3838,-1.7814,-35.2985,0
6191793,1.0000,-0.0002,-0.0004,0.0008,0.0097,0.0081,0.3164,0.2942,0.2421,9.4934,-0.0135,-0.0223,0.0462,-0.7080,1.0054,-1.1929,0.9528,0.0068,-0.0185,-0.3030,1.3841,-1.7831,-35.2987,0
6192127,1.0000,-0.0002,-0.0003,0.0008,0.0099,0.0079,0.3169,0.2994,0.2354,9.5070,-0.0149,-0.0208,0.0451,-0.7075,1.0034,-1.1978,0.9528,0.0068,-0.0185,-0.3030,1.3818,-1.7818,-35.3011,0
6192460,1.0000,-0.0002,-0.0004,0.0008,0.0100,0.0079,0.3165,0.3034,0.2348,9.4964,-0.0143,-0.0222,0.0463,-0.7085,1.0034,-1.1934,0.9528,0.0068,-0.0185,-0.3030,1.3805,-1.7833,-35.3012,0
6192793,1.0000,-0.0002,-0.0003,0.0008,0.0100,0.0077,0.3161,0.3040,0.2288,9.4831,-0.0132,-0.0206,0.0458,-0.7056,1.0015,-1.1938,0.9528,0.0068,-0.0185,-0.3030,1.3813,-1.7816,-35.3024,0
6193127,1.0000,-0.0002,-0.0004,0.0008,0.0099,0.0080,0.3157,0.3004,0.2366,9.4720,-0.0135,-0.0214,0.0456,-0.7061,1.0034,-1.2012,0.9528,0.0068,-0.0185,-0.3030,1.3817,-1.7815,-35.3037,0
6193460,1.0000,-0.0002,-0.0003,0.0008,0.0094,0.0079,0.3162,0.2865,0.2338,9.4859,-0.0136,-0.0206,0.0466,-0.7085,1.0088,-1.1958,0.9528,0.0068,-0.0185,-0.3030,1.3817,-1.7800,-35.3036,0
6193793,1.0000,-0.0002,-0.0003,0.0007,0.0098,0.0078,0.3165,0.2969,0.2326,9.4948,-0.0137,-0.0206,0.0448,-0.7080,1.0039,-1.1943,0.9528,0.0068,-0.0184,-0.3030,1.3817,-1.7782,-35.3065,0
6194127,1.0000,-0.0002,-0.0004,0.0008,0.0100,0.0077,0.3158,0.3029,0.2279,9.4741,-0.0131,-0.0230,0.0458,-0.7100,1.0039,-1.1958,0.9528,0.0068,-0.0185,-0.3030,1.3828,-1.7812,-35.3074,0
6194460,1.0000,-0.0002,-0.0004,0.0008,0.0098,0.0080,0.3159,0.2963,0.2383,9.4768,-0.0130,-0.0217,0.0463,-0.7075,1.0039,-1.1953,0.9528,0.0068,-0.0185,-0.3030,1.3839,-1.7817,-35.3077,0
6194793,1.0000,-0.0002,-0.0004,0.0008,0.0101,0.0080,0.3160,0.3072,0.2378,9.4797,-0.0143,-0.0234,0.0466,-0.7051,1.0024,-1.1973,0.9528,0.0068,-0.0185,-0.3030,1.3827,-1.7854,-35.3071,0
6195127
6195460
6195793
