DeviceTag: Movella DOT0,FirmwareVersion: 3.0.0,AppVersion: 2023.6.0,SyncStatus: Unknown (Synced/Un-synced),OutputRate: 30,FilterProfile: Unknown,Measurement Mode: Custom Modes - Custom Mode 4,StartTime: 2025-05-22 15:09:20.852,Â© Movella Technologies B.V. 2005-2025
SampleTimeFine,dq_W,dq_X,dq_Y,dq_Z,dv[1],dv[2],dv[3],Acc_X,Acc_Y,Acc_Z,Gyr_X,Gyr_Y,Gyr_Z,Mag_X,Mag_Y,Mag_Z,Quat_W,Quat_X,Quat_Y,Quat_Z,Euler_X,Euler_Y,Euler_Z,Status
1062038,1.0000,-0.0002,-0.0003,0.0008,0.0037,-0.0047,0.3172,0.1150,-0.1428,9.5167,-0.0140,-0.0201,0.0463,0.2622,0.4561,-1.1455,0.9617,-0.0050,-0.0081,0.2740,-0.8084,-0.7295,31.8087,0
1062371,1.0000,-0.0002,-0.0003,0.0008,0.0041,-0.0046,0.3174,0.1269,-0.1417,9.5207,-0.0132,-0.0201,0.0474,0.2642,0.4531,-1.1440,0.9617,-0.0050,-0.0080,0.2739,-0.8075,-0.7277,31.8054,0
1062704,1.0000,-0.0002,-0.0003,0.0008,0.0041,-0.0042,0.3175,0.1271,-0.1281,9.5252,-0.0133,-0.0207,0.0469,0.2603,0.4556,-1.1416,0.9617,-0.0050,-0.0080,0.2739,-0.8069,-0.7271,31.8018,0
1063038,1.0000,-0.0002,-0.0003,0.0008,0.0041,-0.0041,0.3171,0.1248,-0.1261,9.5131,-0.0134,-0.0196,0.0472,0.2632,0.4512,-1.1455,0.9617,-0.0050,-0.0080,0.2739,-0.8065,-0.7243,31.7984,0
1063371,1.0000,-0.0002,-0.0003,0.0008,0.0038,-0.0044,0.3170,0.1162,-0.1329,9.5088,-0.0143,-0.0193,0.0467,0.2622,0.4546,-1.1421,0.9617,-0.0051,-0.0080,0.2739,-0.8076,-0.7210,31.7938,0
1063704,1.0000,-0.0002,-0.0003,0.0008,0.0035,-0.0046,0.3170,0.1080,-0.1411,9.5097,-0.0130,-0.0203,0.0477,0.2617,0.4541,-1.1406,0.9617,-0.0050,-0.0080,0.2738,-0.8064,-0.7195,31.7916,0
1064038,1.0000,-0.0002,-0.0003,0.0008,0.0047,-0.0042,0.3173,0.1450,-0.1289,9.5176,-0.0132,-0.0199,0.0459,0.2642,0.4526,-1.1436,0.9617,-0.0050,-0.0079,0.2738,-0.8055,-0.7174,31.7853,0
1064371,1.0000,-0.0002,-0.0003,0.0008,0.0037,-0.0042,0.3175,0.1148,-0.1291,9.5245,-0.0135,-0.0204,0.0470,0.2612,0.4536,-1.1460,0.9618,-0.0050,-0.0079,0.2738,-0.8053,-0.7161,31.7818,0
1064704,1.0000,-0.0002,-0.0004,0.0008,0.0040,-0.0046,0.3167,0.1230,-0.1387,9.5002,-0.0127,-0.0214,0.0464,0.2603,0.4541,-1.1450,0.9618,-0.0050,-0.0079,0.2737,-0.8035,-0.7168,31.7774,0
1065038,1.0000,-0.0002,-0.0004,0.0008,0.0036,-0.0044,0.3166,0.1110,-0.1336,9.4979,-0.0137,-0.0216,0.0476,0.2588,0.4536,-1.1431,0.9618,-0.0050,-0.0079,0.2737,-0.8036,-0.7179,31.7746,0
1065371,1.0000,-0.0002,-0.0003,0.0008,0.0045,-0.0039,0.3171,0.1379,-0.1178,9.5135,-0.0133,-0.0210,0.0464,0.2622,0.4541,-1.1426,0.9618,-0.0050,-0.0079,0.2737,-0.8028,-0.7178,31.7700,0
1065704,1.0000,-0.0003,-0.0003,0.0008,0.0042,-0.0043,0.3164,0.1293,-0.1320,9.4931,-0.0151,-0.0200,0.0473,0.2588,0.4561,-1.1436,0.9618,-0.0051,-0.0079,0.2736,-0.8056,-0.7159,31.7669,0
1066038,1.0000,-0.0002,-0.0004,0.0008,0.0041,-0.0048,0.3177,0.1260,-0.1453,9.5296,-0.0130,-0.0211,0.0466,0.2627,0.4570,-1.1455,0.9618,-0.0050,-0.0079,0.2736,-0.8044,-0.7159,31.7616,0
1066371,1.0000,-0.0002,-0.0003,0.0008,0.0037,-0.0047,0.3160,0.1136,-0.1434,9.4799,-0.0145,-0.0197,0.0461,0.2632,0.4536,-1.1396,0.9618,-0.0051,-0.0079,0.2735,-0.8060,-0.7134,31.7557,0
1066704,1.0000,-0.0002,-0.0004,0.0008,0.0039,-0.0045,0.3170,0.1212,-0.1375,9.5096,-0.0138,-0.0222,0.0475,0.2612,0.4541,-1.1416,0.9618,-0.0051,-0.0079,0.2735,-0.8063,-0.7156,31.7532,0
1067038,1.0000,-0.0002,-0.0003,0.0008,0.0043,-0.0037,0.3180,0.1322,-0.1147,9.5395,-0.0136,-0.0209,0.0489,0.2583,0.4536,-1.1455,0.9618,-0.0051,-0.0079,0.2735,-0.8063,-0.7154,31.7535,0
1067371,1.0000,-0.0002,-0.0004,0.0008,0.0040,-0.0044,0.3167,0.1229,-0.1348,9.5000,-0.0141,-0.0210,0.0480,0.2622,0.4531,-1.1445,0.9618,-0.0051,-0.0079,0.2735,-0.8071,-0.7154,31.7513,0
1067704,1.0000,-0.0002,-0.0003,0.0008,0.0038,-0.0048,0.3175,0.1163,-0.1471,9.5254,-0.0139,-0.0209,0.0471,0.2627,0.4512,-1.1431,0.9618,-0.0051,-0.0079,0.2735,-0.8076,-0.7152,31.7481,0
1068038,1.0000,-0.0002,-0.0003,0.0008,0.0040,-0.0036,0.3168,0.1228,-0.1107,9.5042,-0.0141,-0.0208,0.0468,0.2622,0.4531,-1.1445,0.9618,-0.0051,-0.0079,0.2734,-0.8084,-0.7148,31.7433,0
1068371,1.0000,-0.0002,-0.0003,0.0008,0.0043,-0.0041,0.3169,0.1308,-0.1243,9.5084,-0.0137,-0.0199,0.0473,0.2598,0.4526,-1.1411,0.9619,-0.0051,-0.0079,0.2734,-0.8084,-0.7126,31.7399,0
1068704,1.0000,-0.0002,-0.0004,0.0008,0.0038,-0.0042,0.3166,0.1181,-0.1275,9.4972,-0.0130,-0.0212,0.0472,0.2622,0.4517,-1.1450,0.9619,-0.0051,-0.0079,0.2734,-0.8072,-0.7130,31.7364,0
1069038,1.0000,-0.0002,-0.0004,0.0008,0.0039,-0.0044,0.3175,0.1200,-0.1340,9.5248,-0.0138,-0.0222,0.0459,0.2598,0.4531,-1.1479,0.9619,-0.0051,-0.0079,0.2733,-0.8075,-0.7152,31.7316,0
1069371,1.0000,-0.0002,-0.0003,0.0008,0.0036,-0.0042,0.3169,0.1121,-0.1277,9.5061,-0.0133,-0.0207,0.0467,0.2593,0.4551,-1.1436,0.9619,-0.0051,-0.0079,0.2733,-0.8069,-0.7145,31.7263,0
1069704,1.0000,-0.0002,-0.0004,0.0008,0.0043,-0.0038,0.3170,0.1312,-0.1147,9.5096,-0.0129,-0.0223,0.0469,0.2622,0.4531,-1.1440,0.9619,-0.0051,-0.0079,0.2733,-0.8056,-0.7169,31.7230,0
1070038,1.0000,-0.0002,-0.0003,0.0008,0.0040,-0.0042,0.3174,0.1238,-0.1291,9.5208,-0.0126,-0.0196,0.0473,0.2568,0.4517,-1.1421,0.9619,-0.0050,-0.0079,0.2732,-0.8035,-0.7141,31.7200,0
1070371,1.0000,-0.0002,-0.0004,0.0008,0.0040,-0.0045,0.3168,0.1232,-0.1369,9.5027,-0.0131,-0.0224,0.0461,0.2627,0.4517,-1.1440,0.9619,-0.0050,-0.0079,0.2732,-0.8024,-0.7167,31.7142,0
1070704,1.0000,-0.0002,-0.0003,0.0008,0.0043,-0.0042,0.3178,0.1317,-0.1290,9.5339,-0.0134,-0.0200,0.0466,0.2622,0.4546,-1.1431,0.9619,-0.0050,-0.0079,0.2732,-0.8019,-0.7147,31.7101,0
1071038,1.0000,-0.0002,-0.0004,0.0008,0.0039,-0.0036,0.3165,0.1214,-0.1109,9.4958,-0.0131,-0.0211,0.0477,0.2603,0.4531,-1.1406,0.9619,-0.0050,-0.0079,0.2731,-0.8007,-0.7149,31.7072,0
1071371,1.0000,-0.0002,-0.0004,0.0008,0.0041,-0.0044,0.3169,0.1259,-0.1351,9.5060,-0.0145,-0.0220,0.0457,0.2588,0.4521,-1.1411,0.9619,-0.0050,-0.0079,0.2731,-0.8023,-0.7167,31.7015,0
1071704,1.0000,-0.0002,-0.0004,0.0008,0.0039,-0.0044,0.3173,0.1195,-0.1333,9.5203,-0.0130,-0.0215,0.0460,0.2610,0.4556,-1.1475,0.9620,-0.0050,-0.0079,0.2730,-0.8010,-0.7176,31.6958,0
1072038,1.0000,-0.0002,-0.0004,0.0008,0.0042,-0.0047,0.3172,0.1296,-0.1437,9.5152,-0.0140,-0.0217,0.0470,0.2593,0.4536,-1.1411,0.9620,-0.0050,-0.0079,0.2730,-0.8016,-0.7188,31.6923,0
1072371,1.0000,-0.0002,-0.0003,0.0008,0.0038,-0.0048,0.3173,0.1184,-0.1453,9.5199,-0.0132,-0.0207,0.0458,0.2598,0.4526,-1.1440,0.9620,-0.0050,-0.0079,0.2730,-0.8007,-0.7182,31.6864,0
1072704,1.0000,-0.0002,-0.0003,0.0008,0.0037,-0.0038,0.3165,0.1156,-0.1173,9.4952,-0.0134,-0.0205,0.0460,0.2607,0.4531,-1.1436,0.9620,-0.0050,-0.0079,0.2729,-0.8002,-0.7172,31.6800,0
1073038,1.0000,-0.0002,-0.0003,0.0008,0.0043,-0.0042,0.3173,0.1317,-0.1271,9.5177,-0.0139,-0.0200,0.0461,0.2598,0.4556,-1.1421,0.9620,-0.0050,-0.0079,0.2729,-0.8007,-0.7154,31.6752,0
1073371,1.0000,-0.0002,-0.0003,0.0008,0.0040,-0.0045,0.3174,0.1233,-0.1362,9.5233,-0.0137,-0.0201,0.0470,0.2593,0.4502,-1.1421,0.9620,-0.0050,-0.0079,0.2728,-0.8007,-0.7136,31.6707,0
1073704,1.0000,-0.0002,-0.0003,0.0008,0.0046,-0.0038,0.3173,0.1419,-0.1158,9.5190,-0.0132,-0.0209,0.0460,0.2622,0.4541,-1.1416,0.9620,-0.0050,-0.0079,0.2728,-0.7999,-0.7134,31.6650,0
1074038,1.0000,-0.0002,-0.0003,0.0008,0.0038,-0.0042,0.3174,0.1158,-0.1273,9.5226,-0.0139,-0.0209,0.0464,0.2603,0.4526,-1.1470,0.9620,-0.0050,-0.0079,0.2727,-0.8003,-0.7133,31.6608,0
1074371,1.0000,-0.0002,-0.0004,0.0008,0.0041,-0.0049,0.3173,0.1274,-0.1477,9.5180,-0.0127,-0.0216,0.0454,0.2598,0.4541,-1.1406,0.9621,-0.0050,-0.0079,0.2727,-0.7985,-0.7144,31.6541,0
1074705,1.0000,-0.0002,-0.0003,0.0008,0.0038,-0.0041,0.3170,0.1160,-0.1261,9.5086,-0.0136,-0.0203,0.0479,0.2622,0.4482,-1.1426,0.9621,-0.0050,-0.0079,0.2727,-0.7983,-0.7131,31.6525,0
1075038,1.0000,-0.0002,-0.0004,0.0008,0.0043,-0.0040,0.3168,0.1318,-0.1225,9.5045,-0.0146,-0.0226,0.0473,0.2603,0.4526,-1.1470,0.9621,-0.0050,-0.0079,0.2726,-0.8001,-0.7161,31.6501,0
1075371,1.0000,-0.0002,-0.0004,0.0008,0.0041,-0.0046,0.3173,0.1276,-0.1398,9.5191,-0.0129,-0.0212,0.0469,0.2603,0.4517,-1.1416,0.9621,-0.0050,-0.0079,0.2726,-0.7986,-0.7165,31.6465,0
1075705,1.0000,-0.0002,-0.0003,0.0008,0.0039,-0.0045,0.3165,0.1207,-0.1362,9.4955,-0.0131,-0.0204,0.0471,0.2598,0.4517,-1.1445,0.9621,-0.0050,-0.0079,0.2726,-0.7976,-0.7153,31.6435,0
1076038,1.0000,-0.0002,-0.0003,0.0008,0.0044,-0.0039,0.3171,0.1359,-0.1202,9.5142,-0.0134,-0.0191,0.0465,0.2620,0.4521,-1.1489,0.9621,-0.0050,-0.0079,0.2726,-0.7971,-0.7117,31.6391,0
1076371,1.0000,-0.0002,-0.0003,0.0008,0.0035,-0.0037,0.3166,0.1073,-0.1142,9.4976,-0.0137,-0.0194,0.0465,0.2603,0.4556,-1.1445,0.9621,-0.0050,-0.0078,0.2725,-0.7972,-0.7086,31.6350,0
1076705,1.0000,-0.0002,-0.0003,0.0008,0.0043,-0.0042,0.3175,0.1335,-0.1287,9.5237,-0.0142,-0.0204,0.0465,0.2617,0.4531,-1.1431,0.9621,-0.0050,-0.0078,0.2725,-0.7982,-0.7073,31.6305,0
1077038,1.0000,-0.0002,-0.0004,0.0008,0.0041,-0.0044,0.3167,0.1261,-0.1339,9.5020,-0.0129,-0.0228,0.0467,0.2612,0.4551,-1.1416,0.9621,-0.0050,-0.0079,0.2725,-0.7967,-0.7107,31.6270,0
1077371,1.0000,-0.0002,-0.0004,0.0008,0.0043,-0.0040,0.3169,0.1335,-0.1223,9.5081,-0.0138,-0.0221,0.0464,0.2588,0.4526,-1.1426,0.9621,-0.0050,-0.0079,0.2724,-0.7970,-0.7128,31.6219,0
1077705,1.0000,-0.0002,-0.0004,0.0008,0.0046,-0.0038,0.3176,0.1400,-0.1170,9.5277,-0.0129,-0.0211,0.0466,0.2632,0.4517,-1.1455,0.9621,-0.0050,-0.0079,0.2724,-0.7955,-0.7130,31.6178,0
1078038,1.0000,-0.0002,-0.0004,0.0008,0.0039,-0.0047,0.3166,0.1212,-0.1444,9.4974,-0.0143,-0.0213,0.0476,0.2612,0.4536,-1.1445,0.9621,-0.0050,-0.0079,0.2724,-0.7967,-0.7135,31.6164,0
1078371,1.0000,-0.0002,-0.0004,0.0008,0.0042,-0.0045,0.3169,0.1289,-0.1371,9.5080,-0.0139,-0.0215,0.0468,0.2612,0.4521,-1.1440,0.9622,-0.0050,-0.0079,0.2723,-0.7972,-0.7144,31.6129,0
1078705,1.0000,-0.0002,-0.0004,0.0008,0.0040,-0.0040,0.3169,0.1223,-0.1218,9.5067,-0.0136,-0.0218,0.0469,0.2603,0.4541,-1.1436,0.9622,-0.0050,-0.0079,0.2723,-0.7970,-0.7159,31.6099,0
1079038,1.0000,-0.0002,-0.0004,0.0008,0.0037,-0.0043,0.3165,0.1142,-0.1311,9.4952,-0.0144,-0.0211,0.0463,0.2607,0.4517,-1.1440,0.9622,-0.0050,-0.0079,0.2723,-0.7983,-0.7159,31.6054,0
1079371,1.0000,-0.0002,-0.0004,0.0008,0.0036,-0.0044,0.3172,0.1113,-0.1348,9.5147,-0.0127,-0.0217,0.0470,0.2632,0.4526,-1.1455,0.9622,-0.0050,-0.0079,0.2722,-0.7965,-0.7172,31.6019,0
1079705,1.0000,-0.0002,-0.0003,0.0008,0.0039,-0.0042,0.3170,0.1197,-0.1297,9.5087,-0.0135,-0.0206,0.0474,0.2603,0.4556,-1.1431,0.9622,-0.0050,-0.0079,0.2722,-0.7963,-0.7164,31.5996,0
1080038,1.0000,-0.0002,-0.0004,0.0008,0.0042,-0.0041,0.3175,0.1284,-0.1243,9.5244,-0.0140,-0.0218,0.0478,0.2642,0.4541,-1.1431,0.9622,-0.0050,-0.0079,0.2722,-0.7970,-0.7178,31.5982,0
1080371,1.0000,-0.0002,-0.0003,0.0008,0.0036,-0.0040,0.3171,0.1119,-0.1223,9.5124,-0.0129,-0.0194,0.0468,0.2612,0.4546,-1.1455,0.9622,-0.0050,-0.0079,0.2722,-0.7955,-0.7147,31.5951,0
1080705,1.0000,-0.0002,-0.0003,0.0008,0.0040,-0.0042,0.3174,0.1239,-0.1276,9.5229,-0.0142,-0.0207,0.0472,0.2627,0.4531,-1.1421,0.9622,-0.0050,-0.0079,0.2722,-0.7966,-0.7140,31.5923,0
1081038,1.0000,-0.0002,-0.0004,0.0008,0.0040,-0.0042,0.3173,0.1241,-0.1275,9.5203,-0.0132,-0.0215,0.0478,0.2612,0.4521,-1.1411,0.9622,-0.0050,-0.0079,0.2721,-0.7958,-0.7149,31.5901,0
1081371,1.0000,-0.0002,-0.0004,0.0008,0.0039,-0.0041,0.3170,0.1209,-0.1261,9.5096,-0.0137,-0.0220,0.0475,0.2612,0.4521,-1.1416,0.9622,-0.0050,-0.0079,0.2721,-0.7959,-0.7168,31.5883,0
1081705,1.0000,-0.0002,-0.0004,0.0008,0.0042,-0.0048,0.3174,0.1293,-0.1454,9.5225,-0.0140,-0.0223,0.0476,0.2617,0.4512,-1.1426,0.9622,-0.0050,-0.0079,0.2721,-0.7965,-0.7192,31.5865,0
1082038,1.0000,-0.0002,-0.0003,0.0008,0.0039,-0.0042,0.3167,0.1190,-0.1270,9.4997,-0.0134,-0.0207,0.0466,0.2568,0.4517,-1.1401,0.9622,-0.0050,-0.0079,0.2721,-0.7960,-0.7187,31.5830,0
1082371,1.0000,-0.0002,-0.0004,0.0008,0.0042,-0.0040,0.3172,0.1309,-0.1212,9.5150,-0.0146,-0.0227,0.0465,0.2588,0.4458,-1.1421,0.9622,-0.0050,-0.0080,0.2720,-0.7978,-0.7219,31.5782,0
1082705,1.0000,-0.0002,-0.0003,0.0008,0.0042,-0.0043,0.3168,0.1300,-0.1302,9.5034,-0.0140,-0.0207,0.0461,0.2583,0.4443,-1.1421,0.9622,-0.0050,-0.0080,0.2720,-0.7984,-0.7214,31.5741,0
1083038,1.0000,-0.0002,-0.0003,0.0008,0.0041,-0.0047,0.3173,0.1249,-0.1433,9.5194,-0.0138,-0.0208,0.0462,0.2563,0.4451,-1.1401,0.9623,-0.0050,-0.0080,0.2720,-0.7987,-0.7210,31.5702,0
1083371,1.0000,-0.0002,-0.0004,0.0008,0.0042,-0.0043,0.3171,0.1303,-0.1305,9.5128,-0.0138,-0.0221,0.0474,0.2588,0.4429,-1.1343,0.9623,-0.0050,-0.0080,0.2720,-0.7990,-0.7232,31.5681,0
1083705,1.0000,-0.0002,-0.0004,0.0008,0.0041,-0.0040,0.3167,0.1260,-0.1230,9.4995,-0.0134,-0.0232,0.0474,0.2554,0.4460,-1.1416,0.9623,-0.0050,-0.0080,0.2719,-0.7985,-0.7273,31.5661,0
1084038,1.0000,-0.0002,-0.0004,0.0008,0.0041,-0.0045,0.3174,0.1273,-0.1385,9.5222,-0.0137,-0.0218,0.0479,0.2588,0.4434,-1.1421,0.9623,-0.0050,-0.0080,0.2719,-0.7986,-0.7288,31.5642,0
1084371,1.0000,-0.0002,-0.0003,0.0008,0.0039,-0.0045,0.3173,0.1208,-0.1361,9.5184,-0.0130,-0.0203,0.0462,0.2588,0.4438,-1.1387,0.9623,-0.0050,-0.0080,0.2719,-0.7972,-0.7275,31.5599,0
1084705,1.0000,-0.0002,-0.0003,0.0008,0.0042,-0.0043,0.3171,0.1284,-0.1310,9.5136,-0.0131,-0.0205,0.0465,0.2573,0.4473,-1.1367,0.9623,-0.0050,-0.0080,0.2719,-0.7961,-0.7265,31.5559,0
1085038,1.0000,-0.0002,-0.0004,0.0008,0.0039,-0.0043,0.3165,0.1213,-0.1302,9.4952,-0.0136,-0.0215,0.0471,0.2583,0.4453,-1.1367,0.9623,-0.0050,-0.0080,0.2718,-0.7959,-0.7274,31.5533,0
1085371,1.0000,-0.0002,-0.0003,0.0008,0.0047,-0.0041,0.3174,0.1429,-0.1240,9.5211,-0.0127,-0.0195,0.0458,0.2559,0.4436,-1.1387,0.9623,-0.0049,-0.0080,0.2718,-0.7940,-0.7245,31.5482,0
1085705,1.0000,-0.0002,-0.0003,0.0008,0.0038,-0.0035,0.3170,0.1174,-0.1086,9.5106,-0.0130,-0.0190,0.0465,0.2578,0.4478,-1.1382,0.9623,-0.0049,-0.0079,0.2718,-0.7927,-0.7206,31.5446,0
1086038,1.0000,-0.0002,-0.0003,0.0008,0.0044,-0.0050,0.3172,0.1357,-0.1522,9.5164,-0.0144,-0.0198,0.0467,0.2563,0.4463,-1.1372,0.9623,-0.0050,-0.0079,0.2717,-0.7941,-0.7182,31.5407,0
1086371,1.0000,-0.0002,-0.0003,0.0008,0.0041,-0.0045,0.3173,0.1251,-0.1385,9.5188,-0.0131,-0.0202,0.0474,0.2578,0.4453,-1.1416,0.9623,-0.0050,-0.0079,0.2717,-0.7930,-0.7166,31.5389,0
1086705,1.0000,-0.0002,-0.0003,0.0008,0.0040,-0.0039,0.3165,0.1217,-0.1184,9.4964,-0.0131,-0.0207,0.0480,0.2544,0.4441,-1.1372,0.9623,-0.0050,-0.0079,0.2717,-0.7920,-0.7160,31.5383,0
1087038,1.0000,-0.0002,-0.0003,0.0008,0.0046,-0.0045,0.3178,0.1400,-0.1376,9.5335,-0.0132,-0.0209,0.0468,0.2559,0.4456,-1.1382,0.9623,-0.0049,-0.0079,0.2717,-0.7910,-0.7159,31.5347,0
1087371,1.0000,-0.0002,-0.0003,0.0008,0.0037,-0.0045,0.3166,0.1154,-0.1363,9.4971,-0.0133,-0.0208,0.0469,0.2554,0.4446,-1.1377,0.9623,-0.0049,-0.0079,0.2717,-0.7903,-0.7155,31.5318,0
1087705,1.0000,-0.0002,-0.0004,0.0008,0.0042,-0.0041,0.3170,0.1281,-0.1257,9.5110,-0.0141,-0.0224,0.0464,0.2549,0.4460,-1.1421,0.9624,-0.0049,-0.0079,0.2716,-0.7912,-0.7181,31.5281,0
1088038,1.0000,-0.0002,-0.0003,0.0008,0.0040,-0.0047,0.3169,0.1232,-0.1432,9.5077,-0.0140,-0.0208,0.0458,0.2554,0.4436,-1.1387,0.9624,-0.0049,-0.0079,0.2716,-0.7919,-0.7177,31.5231,0
1088371,1.0000,-0.0002,-0.0003,0.0008,0.0039,-0.0049,0.3170,0.1211,-0.1501,9.5108,-0.0137,-0.0207,0.0463,0.2593,0.4434,-1.1416,0.9624,-0.0050,-0.0079,0.2715,-0.7920,-0.7170,31.5186,0
1088705,1.0000,-0.0002,-0.0003,0.0008,0.0040,-0.0038,0.3168,0.1230,-0.1165,9.5037,-0.0141,-0.0186,0.0467,0.2549,0.4465,-1.1362,0.9624,-0.0050,-0.0079,0.2715,-0.7928,-0.7124,31.5157,0
1089038,1.0000,-0.0002,-0.0004,0.0008,0.0045,-0.0044,0.3170,0.1373,-0.1358,9.5111,-0.0144,-0.0215,0.0462,0.2549,0.4470,-1.1372,0.9624,-0.0050,-0.0079,0.2715,-0.7943,-0.7134,31.5109,0
1089371,1.0000,-0.0002,-0.0003,0.0008,0.0044,-0.0046,0.3171,0.1342,-0.1390,9.5132,-0.0134,-0.0205,0.0465,0.2593,0.4473,-1.1401,0.9624,-0.0050,-0.0079,0.2714,-0.7938,-0.7124,31.5067,0
1089705,1.0000,-0.0002,-0.0003,0.0008,0.0041,-0.0042,0.3174,0.1264,-0.1272,9.5209,-0.0139,-0.0207,0.0463,0.2559,0.4451,-1.1396,0.9624,-0.0050,-0.0079,0.2714,-0.7942,-0.7117,31.5027,0
1090038,1.0000,-0.0002,-0.0003,0.0008,0.0040,-0.0047,0.3171,0.1236,-0.1426,9.5128,-0.0137,-0.0206,0.0467,0.2549,0.4460,-1.1431,0.9624,-0.0050,-0.0079,0.2714,-0.7943,-0.7110,31.4996,0
1090371,1.0000,-0.0002,-0.0003,0.0008,0.0042,-0.0041,0.3172,0.1304,-0.1238,9.5146,-0.0137,-0.0203,0.0470,0.2573,0.4473,-1.1401,0.9624,-0.0050,-0.0078,0.2714,-0.7945,-0.7097,31.4963,0
1090705,1.0000,-0.0002,-0.0004,0.0008,0.0041,-0.0044,0.3171,0.1253,-0.1337,9.5134,-0.0142,-0.0217,0.0477,0.2578,0.4453,-1.1357,0.9624,-0.0050,-0.0079,0.2713,-0.7955,-0.7110,31.4948,0
1091038,1.0000,-0.0002,-0.0003,0.0008,0.0040,-0.0046,0.3169,0.1243,-0.1398,9.5061,-0.0139,-0.0207,0.0472,0.2573,0.4443,-1.1372,0.9624,-0.0050,-0.0079,0.2713,-0.7959,-0.7104,31.4925,0
1091372,1.0000,-0.0002,-0.0003,0.0008,0.0043,-0.0046,0.3179,0.1317,-0.1401,9.5379,-0.0130,-0.0210,0.0466,0.2573,0.4424,-1.1382,0.9624,-0.0050,-0.0078,0.2713,-0.7946,-0.7103,31.4896,0
1091705,1.0000,-0.0002,-0.0004,0.0008,0.0043,-0.0042,0.3170,0.1329,-0.1297,9.5094,-0.0139,-0.0219,0.0470,0.2563,0.4446,-1.1426,0.9625,-0.0050,-0.0079,0.2713,-0.7950,-0.7119,31.4871,0
1092038,1.0000,-0.0002,-0.0003,0.0008,0.0040,-0.0047,0.3172,0.1240,-0.1429,9.5170,-0.0139,-0.0208,0.0472,0.2544,0.4446,-1.1353,0.9625,-0.0050,-0.0079,0.2713,-0.7955,-0.7114,31.4849,0
1092372,1.0000,-0.0002,-0.0003,0.0008,0.0042,-0.0043,0.3174,0.1279,-0.1311,9.5221,-0.0136,-0.0210,0.0460,0.2578,0.4438,-1.1343,0.9625,-0.0050,-0.0079,0.2712,-0.7955,-0.7114,31.4803,0
1092705,1.0000,-0.0002,-0.0004,0.0008,0.0042,-0.0037,0.3170,0.1296,-0.1136,9.5104,-0.0130,-0.0219,0.0472,0.2578,0.4468,-1.1362,0.9625,-0.0050,-0.0079,0.2712,-0.7943,-0.7131,31.4778,0
1093038,1.0000,-0.0002,-0.0003,0.0008,0.0048,-0.0041,0.3180,0.1485,-0.1264,9.5386,-0.0135,-0.0205,0.0472,0.2573,0.4473,-1.1396,0.9625,-0.0050,-0.0079,0.2712,-0.7940,-0.7121,31.4756,0
1093372,1.0000,-0.0002,-0.0003,0.0008,0.0038,-0.0047,0.3164,0.1162,-0.1418,9.4932,-0.0138,-0.0206,0.0466,0.2559,0.4485,-1.1401,0.9625,-0.0050,-0.0079,0.2712,-0.7942,-0.7113,31.4720,0
1093705,1.0000,-0.0002,-0.0004,0.0008,0.0041,-0.0052,0.3171,0.1268,-0.1588,9.5141,-0.0141,-0.0215,0.0472,0.2603,0.4473,-1.1401,0.9625,-0.0050,-0.0079,0.2711,-0.7950,-0.7121,31.4694,0
1094038,1.0000,-0.0002,-0.0003,0.0008,0.0044,-0.0039,0.3176,0.1336,-0.1196,9.5272,-0.0130,-0.0197,0.0466,0.2568,0.4480,-1.1436,0.9625,-0.0050,-0.0078,0.2711,-0.7937,-0.7097,31.4660,0
1094372,1.0000,-0.0002,-0.0003,0.0008,0.0040,-0.0033,0.3167,0.1223,-0.1002,9.5014,-0.0144,-0.0197,0.0472,0.2583,0.4512,-1.1416,0.9625,-0.0050,-0.0078,0.2711,-0.7951,-0.7072,31.4630,0
1094705,1.0000,-0.0002,-0.0003,0.0008,0.0039,-0.0053,0.3172,0.1203,-0.1620,9.5149,-0.0138,-0.0207,0.0479,0.2573,0.4480,-1.1450,0.9625,-0.0050,-0.0078,0.2711,-0.7954,-0.7066,31.4619,0
1095038,1.0000,-0.0002,-0.0003,0.0008,0.0038,-0.0054,0.3174,0.1165,-0.1638,9.5205,-0.0126,-0.0205,0.0471,0.2593,0.4478,-1.1406,0.9625,-0.0050,-0.0078,0.2710,-0.7935,-0.7057,31.4591,0
1095372,1.0000,-0.0002,-0.0003,0.0008,0.0045,-0.0033,0.3178,0.1376,-0.0999,9.5336,-0.0128,-0.0199,0.0463,0.2583,0.4507,-1.1396,0.9625,-0.0050,-0.0078,0.2710,-0.7919,-0.7035,31.4548,0
1095705,1.0000,-0.0002,-0.0003,0.0008,0.0047,-0.0038,0.3173,0.1445,-0.1161,9.5176,-0.0135,-0.0202,0.0469,0.2588,0.4492,-1.1436,0.9625,-0.0050,-0.0078,0.2710,-0.7916,-0.7019,31.4513,0
1096038,1.0000,-0.0002,-0.0003,0.0008,0.0037,-0.0050,0.3172,0.1128,-0.1530,9.5150,-0.0136,-0.0204,0.0481,0.2583,0.4492,-1.1460,0.9625,-0.0050,-0.0078,0.2710,-0.7916,-0.7007,31.4507,0
1096372,1.0000,-0.0002,-0.0003,0.0008,0.0042,-0.0051,0.3172,0.1295,-0.1553,9.5156,-0.0136,-0.0203,0.0475,0.2603,0.4482,-1.1445,0.9625,-0.0050,-0.0077,0.2710,-0.7914,-0.6994,31.4490,0
1096705,1.0000,-0.0002,-0.0003,0.0008,0.0042,-0.0037,0.3173,0.1303,-0.1124,9.5203,-0.0133,-0.0201,0.0463,0.2588,0.4507,-1.1382,0.9626,-0.0050,-0.0077,0.2709,-0.7908,-0.6976,31.4451,0
1097038,1.0000,-0.0002,-0.0004,0.0008,0.0046,-0.0039,0.3169,0.1420,-0.1199,9.5079,-0.0142,-0.0219,0.0464,0.2578,0.4487,-1.1426,0.9626,-0.0050,-0.0077,0.2709,-0.7919,-0.6994,31.4416,0
1097372,1.0000,-0.0002,-0.0004,0.0008,0.0044,-0.0044,0.3170,0.1341,-0.1341,9.5099,-0.0139,-0.0217,0.0468,0.2603,0.4517,-1.1406,0.9626,-0.0050,-0.0078,0.2709,-0.7924,-0.7006,31.4387,0
1097705,1.0000,-0.0002,-0.0003,0.0008,0.0041,-0.0047,0.3173,0.1276,-0.1438,9.5175,-0.0145,-0.0209,0.0475,0.2598,0.4487,-1.1426,0.9626,-0.0050,-0.0078,0.2709,-0.7941,-0.7004,31.4379,0
1098038,1.0000,-0.0002,-0.0003,0.0008,0.0045,-0.0039,0.3176,0.1370,-0.1179,9.5277,-0.0134,-0.0197,0.0468,0.2607,0.4492,-1.1411,0.9626,-0.0050,-0.0077,0.2708,-0.7936,-0.6980,31.4351,0
1098372,1.0000,-0.0002,-0.0004,0.0008,0.0041,-0.0040,0.3168,0.1263,-0.1211,9.5047,-0.0129,-0.0218,0.0470,0.2588,0.4507,-1.1411,0.9626,-0.0050,-0.0077,0.2708,-0.7921,-0.6994,31.4323,0
1098705,1.0000,-0.0002,-0.0003,0.0008,0.0040,-0.0050,0.3174,0.1241,-0.1516,9.5206,-0.0144,-0.0206,0.0475,0.2588,0.4521,-1.1401,0.9626,-0.0050,-0.0077,0.2708,-0.7935,-0.6985,31.4301,0
1099038,1.0000,-0.0002,-0.0004,0.0008,0.0039,-0.0045,0.3171,0.1194,-0.1373,9.5137,-0.0141,-0.0216,0.0471,0.2603,0.4497,-1.1416,0.9626,-0.0050,-0.0078,0.2708,-0.7943,-0.6996,31.4280,0
1099372,1.0000,-0.0002,-0.0003,0.0008,0.0041,-0.0043,0.3170,0.1254,-0.1328,9.5090,-0.0142,-0.0209,0.0470,0.2603,0.4487,-1.1396,0.9626,-0.0050,-0.0078,0.2708,-0.7953,-0.6995,31.4258,0
1099705,1.0000,-0.0002,-0.0004,0.0008,0.0045,-0.0042,0.3173,0.1371,-0.1285,9.5184,-0.0137,-0.0215,0.0468,0.2593,0.4526,-1.1460,0.9626,-0.0050,-0.0078,0.2707,-0.7953,-0.7004,31.4229,0
1100038,1.0000,-0.0002,-0.0004,0.0008,0.0046,-0.0045,0.3173,0.1402,-0.1362,9.5204,-0.0133,-0.0216,0.0471,0.2612,0.4497,-1.1411,0.9626,-0.0050,-0.0078,0.2707,-0.7946,-0.7015,31.4199,0
1100372,1.0000,-0.0002,-0.0004,0.0008,0.0040,-0.0045,0.3171,0.1238,-0.1362,9.5115,-0.0135,-0.0217,0.0468,0.2607,0.4512,-1.1406,0.9626,-0.0050,-0.0078,0.2707,-0.7943,-0.7028,31.4171,0
1100705,1.0000,-0.0002,-0.0004,0.0008,0.0039,-0.0042,0.3170,0.1204,-0.1282,9.5100,-0.0144,-0.0217,0.0472,0.2568,0.4507,-1.1401,0.9626,-0.0050,-0.0078,0.2707,-0.7958,-0.7041,31.4151,0
1101038,1.0000,-0.0002,-0.0003,0.0008,0.0043,-0.0044,0.3179,0.1335,-0.1355,9.5383,-0.0135,-0.0208,0.0469,0.2593,0.4507,-1.1479,0.9626,-0.0050,-0.0078,0.2707,-0.7955,-0.7036,31.4123,0
1101372,1.0000,-0.0002,-0.0003,0.0008,0.0040,-0.0044,0.3164,0.1230,-0.1331,9.4906,-0.0132,-0.0192,0.0478,0.2578,0.4521,-1.1484,0.9626,-0.0050,-0.0078,0.2706,-0.7946,-0.7001,31.4107,0
1101705,1.0000,-0.0002,-0.0004,0.0008,0.0041,-0.0036,0.3173,0.1263,-0.1117,9.5184,-0.0136,-0.0213,0.0474,0.2578,0.4497,-1.1421,0.9626,-0.0050,-0.0078,0.2706,-0.7946,-0.7007,31.4092,0
1102038,1.0000,-0.0002,-0.0003,0.0008,0.0044,-0.0046,0.3169,0.1341,-0.1402,9.5075,-0.0143,-0.0199,0.0475,0.2598,0.4541,-1.1401,0.9626,-0.0050,-0.0077,0.2706,-0.7958,-0.6986,31.4072,0
1102372,1.0000,-0.0002,-0.0003,0.0008,0.0041,-0.0047,0.3176,0.1269,-0.1424,9.5281,-0.0138,-0.0196,0.0466,0.2588,0.4512,-1.1401,0.9627,-0.0050,-0.0077,0.2706,-0.7960,-0.6960,31.4042,0
1102705,1.0000,-0.0002,-0.0003,0.0008,0.0037,-0.0046,0.3171,0.1131,-0.1404,9.5136,-0.0131,-0.0202,0.0478,0.2593,0.4497,-1.1421,0.9627,-0.0050,-0.0077,0.2706,-0.7949,-0.6943,31.4032,0
1103038,1.0000,-0.0002,-0.0003,0.0008,0.0040,-0.0047,0.3169,0.1239,-0.1423,9.5063,-0.0134,-0.0203,0.0467,0.2612,0.4487,-1.1440,0.9627,-0.0050,-0.0077,0.2705,-0.7945,-0.6930,31.3996,0
1103372,1.0000,-0.0002,-0.0004,0.0008,0.0041,-0.0049,0.3171,0.1258,-0.1487,9.5140,-0.0129,-0.0213,0.0474,0.2573,0.4492,-1.1392,0.9627,-0.0050,-0.0077,0.2705,-0.7930,-0.6936,31.3983,0
1103705,1.0000,-0.0002,-0.0004,0.0008,0.0038,-0.0044,0.3170,0.1165,-0.1355,9.5099,-0.0143,-0.0215,0.0465,0.2607,0.4507,-1.1431,0.9627,-0.0050,-0.0077,0.2705,-0.7943,-0.6945,31.3942,0
1104038,1.0000,-0.0002,-0.0004,0.0008,0.0043,-0.0042,0.3169,0.1335,-0.1296,9.5072,-0.0141,-0.0212,0.0473,0.2622,0.4526,-1.1416,0.9627,-0.0050,-0.0077,0.2705,-0.7951,-0.6948,31.3926,0
1104372,1.0000,-0.0002,-0.0004,0.0008,0.0038,-0.0043,0.3169,0.1174,-0.1324,9.5078,-0.0129,-0.0223,0.0471,0.2607,0.4497,-1.1455,0.9627,-0.0050,-0.0077,0.2705,-0.7938,-0.6973,31.3904,0
1104705,1.0000,-0.0002,-0.0003,0.0008,0.0042,-0.0045,0.3176,0.1283,-0.1375,9.5275,-0.0138,-0.0208,0.0465,0.2607,0.4507,-1.1396,0.9627,-0.0050,-0.0077,0.2704,-0.7940,-0.6969,31.3870,0
1105038,1.0000,-0.0002,-0.0003,0.0008,0.0037,-0.0043,0.3168,0.1147,-0.1321,9.5033,-0.0137,-0.0205,0.0472,0.2598,0.4502,-1.1387,0.9627,-0.0050,-0.0077,0.2704,-0.7940,-0.6958,31.3851,0
1105372,1.0000,-0.0002,-0.0004,0.0008,0.0038,-0.0043,0.3174,0.1183,-0.1301,9.5215,-0.0135,-0.0222,0.0466,0.2627,0.4521,-1.1362,0.9627,-0.0050,-0.0077,0.2704,-0.7938,-0.6981,31.3821,0
1105705,1.0000,-0.0002,-0.0003,0.0008,0.0048,-0.0045,0.3178,0.1485,-0.1385,9.5332,-0.0135,-0.0208,0.0452,0.2588,0.4502,-1.1455,0.9627,-0.0050,-0.0077,0.2703,-0.7935,-0.6977,31.3755,0
1106038,1.0000,-0.0002,-0.0003,0.0008,0.0037,-0.0045,0.3175,0.1148,-0.1379,9.5262,-0.0130,-0.0203,0.0459,0.2593,0.4536,-1.1460,0.9627,-0.0050,-0.0077,0.2703,-0.7921,-0.6964,31.3708,0
1106372,1.0000,-0.0002,-0.0004,0.0008,0.0040,-0.0040,0.3171,0.1224,-0.1234,9.5135,-0.0139,-0.0214,0.0459,0.2559,0.4509,-1.1460,0.9627,-0.0050,-0.0077,0.2703,-0.7925,-0.6972,31.3656,0
1106705,1.0000,-0.0002,-0.0003,0.0008,0.0042,-0.0044,0.3177,0.1292,-0.1328,9.5299,-0.0126,-0.0200,0.0472,0.2612,0.4507,-1.1421,0.9627,-0.0050,-0.0077,0.2702,-0.7905,-0.6952,31.3631,0
1107038,1.0000,-0.0002,-0.0004,0.0008,0.0044,-0.0042,0.3174,0.1344,-0.1286,9.5208,-0.0135,-0.0211,0.0457,0.2603,0.4536,-1.1460,0.9628,-0.0050,-0.0077,0.2702,-0.7902,-0.6953,31.3584,0
1107372,1.0000,-0.0002,-0.0003,0.0008,0.0039,-0.0045,0.3166,0.1191,-0.1365,9.4975,-0.0143,-0.0208,0.0472,0.2583,0.4512,-1.1445,0.9628,-0.0050,-0.0077,0.2702,-0.7914,-0.6948,31.3563,0
1107705,1.0000,-0.0002,-0.0003,0.0008,0.0039,-0.0045,0.3173,0.1198,-0.1358,9.5190,-0.0132,-0.0208,0.0476,0.2632,0.4536,-1.1431,0.9628,-0.0050,-0.0077,0.2702,-0.7906,-0.6944,31.3548,0
1108039,1.0000,-0.0002,-0.0004,0.0008,0.0040,-0.0041,0.3180,0.1249,-0.1241,9.5412,-0.0128,-0.0220,0.0462,0.2612,0.4497,-1.1392,0.9628,-0.0050,-0.0077,0.2701,-0.7888,-0.6964,31.3508,0
1108372,1.0000,-0.0002,-0.0004,0.0008,0.0043,-0.0040,0.3167,0.1325,-0.1221,9.5004,-0.0134,-0.0213,0.0466,0.2622,0.4546,-1.1392,0.9628,-0.0049,-0.0080,0.2701,-0.7913,-0.7348,31.3436,0
1108705,1.0000,-0.0002,-0.0003,0.0008,0.0040,-0.0044,0.3170,0.1219,-0.1356,9.5089,-0.0135,-0.0202,0.0470,0.2598,0.4521,-1.1475,0.9628,-0.0049,-0.0080,0.2701,-0.7911,-0.7333,31.3414,0
1109039,1.0000,-0.0002,-0.0003,0.0008,0.0042,-0.0048,0.3166,0.1292,-0.1460,9.4981,-0.0130,-0.0206,0.0470,0.2583,0.4521,-1.1421,0.9628,-0.0049,-0.0080,0.2700,-0.7899,-0.7326,31.3399,0
1109372,1.0000,-0.0002,-0.0004,0.0008,0.0042,-0.0044,0.3172,0.1283,-0.1340,9.5154,-0.0137,-0.0219,0.0476,0.2588,0.4502,-1.1460,0.9628,-0.0049,-0.0080,0.2700,-0.7899,-0.7343,31.3383,0
1109705,1.0000,-0.0002,-0.0004,0.0008,0.0043,-0.0041,0.3170,0.1330,-0.1242,9.5108,-0.0142,-0.0214,0.0478,0.2593,0.4497,-1.1460,0.9628,-0.0049,-0.0080,0.2700,-0.7909,-0.7350,31.3363,0
1110039,1.0000,-0.0002,-0.0004,0.0008,0.0041,-0.0043,0.3172,0.1278,-0.1315,9.5146,-0.0134,-0.0216,0.0469,0.2603,0.4531,-1.1421,0.9628,-0.0049,-0.0080,0.2700,-0.7904,-0.7361,31.3343,0
1110372,1.0000,-0.0002,-0.0004,0.0008,0.0041,-0.0045,0.3171,0.1263,-0.1362,9.5143,-0.0134,-0.0211,0.0470,0.2598,0.4502,-1.1431,0.9628,-0.0049,-0.0080,0.2700,-0.7900,-0.7365,31.3319,0
1110705,1.0000,-0.0002,-0.0003,0.0008,0.0038,-0.0041,0.3175,0.1177,-0.1242,9.5260,-0.0129,-0.0208,0.0474,0.2612,0.4536,-1.1387,0.9628,-0.0049,-0.0080,0.2700,-0.7886,-0.7361,31.3305,0
1111039,1.0000,-0.0002,-0.0004,0.0008,0.0041,-0.0040,0.3172,0.1275,-0.1231,9.5161,-0.0140,-0.0217,0.0473,0.2607,0.4541,-1.1416,0.9628,-0.0049,-0.0081,0.2699,-0.7891,-0.7374,31.3276,0
1111372,1.0000,-0.0002,-0.0003,0.0008,0.0042,-0.0042,0.3170,0.1294,-0.1290,9.5110,-0.0133,-0.0188,0.0464,0.2598,0.4526,-1.1372,0.9628,-0.0049,-0.0080,0.2699,-0.7884,-0.7333,31.3240,0
1111705,1.0000,-0.0002,-0.0004,0.0008,0.0040,-0.0042,0.3168,0.1230,-0.1288,9.5036,-0.0125,-0.0212,0.0472,0.2598,0.4536,-1.1475,0.9628,-0.0049,-0.0080,0.2699,-0.7862,-0.7336,31.3221,0
1112039,1.0000,-0.0002,-0.0004,0.0008,0.0040,-0.0041,0.3170,0.1228,-0.1266,9.5093,-0.0129,-0.0222,0.0459,0.2598,0.4512,-1.1416,0.9629,-0.0049,-0.0080,0.2699,-0.7847,-0.7360,31.3172,0
1112372,1.0000,-0.0002,-0.0003,0.0008,0.0043,-0.0044,0.3173,0.1325,-0.1350,9.5199,-0.0132,-0.0210,0.0464,0.2607,0.4536,-1.1416,0.9629,-0.0049,-0.0080,0.2698,-0.7838,-0.7360,31.3139,0
1112705,1.0000,-0.0002,-0.0003,0.0008,0.0040,-0.0044,0.3175,0.1243,-0.1328,9.5256,-0.0130,-0.0205,0.0480,0.2607,0.4526,-1.1377,0.9629,-0.0048,-0.0080,0.2698,-0.7825,-0.7350,31.3142,0
1113039,1.0000,-0.0002,-0.0003,0.0008,0.0042,-0.0045,0.3180,0.1304,-0.1371,9.5392,-0.0138,-0.0195,0.0462,0.2588,0.4507,-1.1406,0.9629,-0.0049,-0.0080,0.2698,-0.7828,-0.7322,31.3088,0
1113372,1.0000,-0.0002,-0.0003,0.0008,0.0040,-0.0042,0.3164,0.1231,-0.1269,9.4916,-0.0139,-0.0203,0.0480,0.2627,0.4492,-1.1426,0.9629,-0.0049,-0.0080,0.2698,-0.7832,-0.7308,31.3085,0
1113705,1.0000,-0.0002,-0.0003,0.0008,0.0044,-0.0045,0.3174,0.1363,-0.1372,9.5209,-0.0137,-0.0206,0.0470,0.2603,0.4507,-1.1431,0.9629,-0.0049,-0.0080,0.2698,-0.7833,-0.7301,31.3067,0
1114039,1.0000,-0.0002,-0.0003,0.0008,0.0043,-0.0045,0.3171,0.1314,-0.1385,9.5121,-0.0128,-0.0202,0.0462,0.2598,0.4507,-1.1411,0.9629,-0.0049,-0.0080,0.2697,-0.7817,-0.7286,31.3028,0
1114372,1.0000,-0.0002,-0.0004,0.0008,0.0037,-0.0043,0.3157,0.1151,-0.1310,9.4718,-0.0137,-0.0222,0.0475,0.2612,0.4502,-1.1431,0.9629,-0.0048,-0.0080,0.2697,-0.7818,-0.7309,31.3013,0
1114705,1.0000,-0.0002,-0.0003,0.0008,0.0049,-0.0045,0.3182,0.1490,-0.1359,9.5464,-0.0134,-0.0198,0.0479,0.2632,0.4521,-1.1436,0.9629,-0.0048,-0.0080,0.2697,-0.7813,-0.7287,31.3009,0
1115039,1.0000,-0.0002,-0.0003,0.0008,0.0033,-0.0038,0.3155,0.1027,-0.1146,9.4662,-0.0125,-0.0186,0.0475,0.2627,0.4502,-1.1436,0.9629,-0.0048,-0.0079,0.2697,-0.7790,-0.7241,31.2997,0
1115372,1.0000,-0.0002,-0.0003,0.0008,0.0047,-0.0047,0.3184,0.1453,-0.1447,9.5526,-0.0146,-0.0208,0.0458,0.2607,0.4521,-1.1460,0.9629,-0.0049,-0.0079,0.2697,-0.7809,-0.7238,31.2952,0
1115705,1.0000,-0.0002,-0.0003,0.0008,0.0042,-0.0045,0.3166,0.1283,-0.1359,9.4990,-0.0114,-0.0165,0.0463,0.2598,0.4507,-1.1396,0.9629,-0.0048,-0.0078,0.2696,-0.7766,-0.7153,31.2916,0
1116039,1.0000,-0.0002,-0.0004,0.0008,0.0031,-0.0040,0.3167,0.0973,-0.1236,9.5008,-0.0143,-0.0222,0.0465,0.2603,0.4502,-1.1426,0.9629,-0.0048,-0.0079,0.2696,-0.7779,-0.7175,31.2885,0
1116372,1.0000,-0.0002,-0.0003,0.0008,0.0049,-0.0041,0.3188,0.1484,-0.1251,9.5638,-0.0112,-0.0177,0.0463,0.2627,0.4487,-1.1382,0.9629,-0.0048,-0.0078,0.2696,-0.7733,-0.7113,31.2848,0
1116705,1.0000,-0.0002,-0.0003,0.0008,0.0032,-0.0037,0.3156,0.0981,-0.1128,9.4670,-0.0132,-0.0203,0.0471,0.2632,0.4502,-1.1465,0.9629,-0.0048,-0.0078,0.2696,-0.7725,-0.7099,31.2830,0
1117039,1.0000,-0.0002,-0.0003,0.0008,0.0044,-0.0043,0.3174,0.1356,-0.1322,9.5214,-0.0131,-0.0191,0.0478,0.2627,0.4531,-1.1465,0.9629,-0.0048,-0.0077,0.2696,-0.7714,-0.7062,31.2830,0
1117372,1.0000,-0.0002,-0.0003,0.0008,0.0035,-0.0040,0.3161,0.1066,-0.1214,9.4820,-0.0137,-0.0198,0.0467,0.2622,0.4497,-1.1406,0.9629,-0.0048,-0.0077,0.2695,-0.7715,-0.7040,31.2804,0
1117705,1.0000,-0.0002,-0.0004,0.0008,0.0043,-0.0041,0.3176,0.1336,-0.1248,9.5286,-0.0137,-0.0219,0.0460,0.2612,0.4521,-1.1455,0.9630,-0.0048,-0.0077,0.2695,-0.7716,-0.7059,31.2773,0
1118039,1.0000,-0.0002,-0.0004,0.0008,0.0039,-0.0040,0.3172,0.1192,-0.1237,9.5153,-0.0135,-0.0219,0.0462,0.2593,0.4512,-1.1392,0.9630,-0.0048,-0.0078,0.2695,-0.7712,-0.7076,31.2734,0
1118372,1.0000,-0.0002,-0.0003,0.0008,0.0036,-0.0043,0.3165,0.1118,-0.1315,9.4963,-0.0131,-0.0208,0.0459,0.2617,0.4502,-1.1396,0.9630,-0.0048,-0.0078,0.2694,-0.7702,-0.7074,31.2692,0
1118705,1.0000,-0.0002,-0.0003,0.0008,0.0043,-0.0040,0.3174,0.1334,-0.1220,9.5206,-0.0140,-0.0198,0.0459,0.2622,0.4521,-1.1421,0.9630,-0.0048,-0.0077,0.2694,-0.7709,-0.7052,31.2650,0
1119039,1.0000,-0.0002,-0.0004,0.0008,0.0036,-0.0040,0.3162,0.1116,-0.1211,9.4844,-0.0129,-0.0211,0.0470,0.2598,0.4478,-1.1401,0.9630,-0.0048,-0.0077,0.2694,-0.7696,-0.7056,31.2630,0
1119372,1.0000,-0.0002,-0.0004,0.0008,0.0040,-0.0045,0.3181,0.1238,-0.1369,9.5439,-0.0138,-0.0214,0.0466,0.2573,0.4478,-1.1396,0.9630,-0.0048,-0.0077,0.2694,-0.7698,-0.7065,31.2601,0
1119705,1.0000,-0.0002,-0.0003,0.0008,0.0034,-0.0045,0.3168,0.1052,-0.1360,9.5034,-0.0143,-0.0199,0.0468,0.2598,0.4502,-1.1455,0.9630,-0.0048,-0.0077,0.2693,-0.7709,-0.7044,31.2571,0
1120039,1.0000,-0.0002,-0.0003,0.0008,0.0040,-0.0046,0.3172,0.1234,-0.1400,9.5153,-0.0138,-0.0208,0.0469,0.2598,0.4478,-1.1431,0.9630,-0.0048,-0.0077,0.2693,-0.7712,-0.7041,31.2546,0
1120372,1.0000,-0.0002,-0.0003,0.0008,0.0043,-0.0043,0.3179,0.1313,-0.1314,9.5357,-0.0127,-0.0205,0.0476,0.2607,0.4463,-1.1382,0.9630,-0.0048,-0.0077,0.2693,-0.7693,-0.7032,31.2541,0
1120705,1.0000,-0.0002,-0.0004,0.0008,0.0028,-0.0039,0.3152,0.0860,-0.1203,9.4570,-0.0122,-0.0224,0.0465,0.2603,0.4473,-1.1392,0.9630,-0.0048,-0.0077,0.2693,-0.7665,-0.7059,31.2514,0
1121039,1.0000,-0.0002,-0.0004,0.0008,0.0057,-0.0048,0.3186,0.1738,-0.1451,9.5591,-0.0139,-0.0219,0.0469,0.2559,0.4463,-1.1353,0.9630,-0.0048,-0.0078,0.2693,-0.7670,-0.7077,31.2490,0
1121372,1.0000,-0.0002,-0.0003,0.0008,0.0028,-0.0042,0.3166,0.0878,-0.1281,9.4989,-0.0129,-0.0192,0.0472,0.2534,0.4451,-1.1396,0.9630,-0.0048,-0.0077,0.2693,-0.7656,-0.7042,31.2467,0
1121705,1.0000,-0.0003,-0.0003,0.0008,0.0044,-0.0049,0.3178,0.1350,-0.1485,9.5353,-0.0152,-0.0210,0.0487,0.2568,0.4468,-1.1392,0.9630,-0.0048,-0.0077,0.2693,-0.7685,-0.7042,31.2473,0
1122039,1.0000,-0.0002,-0.0003,0.0008,0.0037,-0.0047,0.3173,0.1131,-0.1428,9.5191,-0.0131,-0.0202,0.0473,0.2544,0.4446,-1.1396,0.9630,-0.0048,-0.0077,0.2693,-0.7674,-0.7026,31.2460,0
1122372,1.0000,-0.0002,-0.0004,0.0008,0.0042,-0.0032,0.3165,0.1297,-0.0971,9.4962,-0.0137,-0.0211,0.0471,0.2573,0.4424,-1.1357,0.9630,-0.0048,-0.0077,0.2692,-0.7676,-0.7029,31.2441,0
1122705,1.0000,-0.0002,-0.0003,0.0008,0.0045,-0.0045,0.3179,0.1394,-0.1386,9.5370,-0.0134,-0.0205,0.0471,0.2554,0.4460,-1.1396,0.9630,-0.0048,-0.0077,0.2692,-0.7671,-0.7019,31.2422,0
1123039,1.0000,-0.0002,-0.0003,0.0008,0.0035,-0.0042,0.3168,0.1077,-0.1285,9.5047,-0.0132,-0.0204,0.0465,0.2529,0.4446,-1.1328,0.9630,-0.0048,-0.0077,0.2692,-0.7663,-0.7007,31.2390,0
1123372,1.0000,-0.0002,-0.0004,0.0008,0.0041,-0.0047,0.3169,0.1274,-0.1421,9.5064,-0.0141,-0.0214,0.0476,0.2563,0.4448,-1.1377,0.9630,-0.0048,-0.0077,0.2692,-0.7671,-0.7015,31.2376,0
1123705,1.0000,-0.0002,-0.0003,0.0008,0.0039,-0.0037,0.3171,0.1200,-0.1138,9.5119,-0.0133,-0.0209,0.0463,0.2544,0.4436,-1.1338,0.9631,-0.0048,-0.0077,0.2692,-0.7665,-0.7014,31.2347,0
1124039,1.0000,-0.0002,-0.0003,0.0008,0.0041,-0.0038,0.3169,0.1271,-0.1166,9.5078,-0.0142,-0.0207,0.0473,0.2529,0.4436,-1.1362,0.9631,-0.0048,-0.0077,0.2691,-0.7676,-0.7009,31.2331,0
1124372,1.0000,-0.0002,-0.0004,0.0008,0.0041,-0.0043,0.3166,0.1269,-0.1301,9.4993,-0.0140,-0.0216,0.0463,0.2544,0.4431,-1.1343,0.9631,-0.0048,-0.0077,0.2691,-0.7683,-0.7021,31.2290,0
1124706,1.0000,-0.0002,-0.0003,0.0008,0.0041,-0.0044,0.3170,0.1271,-0.1347,9.5089,-0.0138,-0.0205,0.0472,0.2529,0.4431,-1.1387,0.9631,-0.0048,-0.0077,0.2691,-0.7686,-0.7011,31.2275,0
1125039,1.0000,-0.0002,-0.0003,0.0008,0.0034,-0.0038,0.3172,0.1050,-0.1162,9.5173,-0.0115,-0.0205,0.0472,0.2529,0.4436,-1.1396,0.9631,-0.0048,-0.0077,0.2691,-0.7645,-0.7002,31.2256,0
1125372,1.0000,-0.0002,-0.0004,0.0008,0.0039,-0.0043,0.3172,0.1204,-0.1315,9.5147,-0.0132,-0.0234,0.0469,0.2520,0.4417,-1.1362,0.9631,-0.0048,-0.0077,0.2691,-0.7637,-0.7049,31.2232,0
1125706,1.0000,-0.0002,-0.0003,0.0008,0.0043,-0.0044,0.3178,0.1313,-0.1342,9.5326,-0.0125,-0.0182,0.0457,0.2544,0.4421,-1.1323,0.9631,-0.0048,-0.0077,0.2690,-0.7615,-0.6996,31.2185,0
1126039,1.0000,-0.0002,-0.0004,0.0008,0.0037,-0.0040,0.3163,0.1138,-0.1215,9.4900,-0.0140,-0.0212,0.0480,0.2505,0.4417,-1.1377,0.9631,-0.0048,-0.0077,0.2690,-0.7622,-0.6999,31.2180,0
1126372,1.0000,-0.0002,-0.0004,0.0008,0.0043,-0.0044,0.3177,0.1333,-0.1330,9.5319,-0.0142,-0.0216,0.0480,0.2537,0.4397,-1.1328,0.9631,-0.0048,-0.0077,0.2690,-0.7633,-0.7011,31.2178,0
1126706,1.0000,-0.0002,-0.0004,0.0008,0.0038,-0.0044,0.3166,0.1179,-0.1342,9.4977,-0.0131,-0.0223,0.0464,0.2534,0.4426,-1.1353,0.9631,-0.0048,-0.0077,0.2690,-0.7623,-0.7035,31.2148,0
1127039,1.0000,-0.0002,-0.0004,0.0008,0.0041,-0.0038,0.3169,0.1268,-0.1161,9.5081,-0.0131,-0.0212,0.0476,0.2544,0.4421,-1.1353,0.9631,-0.0047,-0.0077,0.2690,-0.7612,-0.7040,31.2138,0
1127372,1.0000,-0.0002,-0.0003,0.0008,0.0038,-0.0037,0.3168,0.1169,-0.1130,9.5036,-0.0133,-0.0194,0.0466,0.2539,0.4402,-1.1353,0.9631,-0.0047,-0.0077,0.2690,-0.7605,-0.7009,31.2110,0
1127706,1.0000,-0.0002,-0.0004,0.0008,0.0036,-0.0044,0.3171,0.1123,-0.1331,9.5126,-0.0138,-0.0211,0.0470,0.2510,0.4426,-1.1348,0.9631,-0.0047,-0.0077,0.2689,-0.7607,-0.7012,31.2092,0
1128039,1.0000,-0.0002,-0.0003,0.0008,0.0039,-0.0046,0.3176,0.1193,-0.1418,9.5269,-0.0139,-0.0188,0.0470,0.2529,0.4426,-1.1372,0.9631,-0.0048,-0.0076,0.2689,-0.7612,-0.6971,31.2065,0
1128372,1.0000,-0.0002,-0.0003,0.0008,0.0039,-0.0045,0.3171,0.1215,-0.1381,9.5134,-0.0140,-0.0206,0.0461,0.2554,0.4431,-1.1406,0.9631,-0.0048,-0.0076,0.2689,-0.7620,-0.6963,31.2029,0
1128706,1.0000,-0.0002,-0.0003,0.0008,0.0042,-0.0042,0.3174,0.1280,-0.1280,9.5214,-0.0143,-0.0188,0.0470,0.2544,0.4417,-1.1392,0.9631,-0.0048,-0.0076,0.2689,-0.7632,-0.6921,31.2009,0
1129039,1.0000,-0.0002,-0.0003,0.0008,0.0038,-0.0044,0.3164,0.1183,-0.1340,9.4927,-0.0140,-0.0210,0.0460,0.2529,0.4436,-1.1406,0.9631,-0.0048,-0.0076,0.2688,-0.7638,-0.6921,31.1968,0
1129372,1.0000,-0.0002,-0.0004,0.0008,0.0042,-0.0041,0.3170,0.1292,-0.1260,9.5096,-0.0140,-0.0218,0.0461,0.2549,0.4402,-1.1367,0.9632,-0.0048,-0.0076,0.2688,-0.7645,-0.6937,31.1930,0
1129706,1.0000,-0.0002,-0.0004,0.0008,0.0042,-0.0044,0.3169,0.1299,-0.1338,9.5069,-0.0133,-0.0215,0.0470,0.2529,0.4421,-1.1372,0.9632,-0.0048,-0.0076,0.2688,-0.7638,-0.6948,31.1910,0
1130039,1.0000,-0.0002,-0.0004,0.0008,0.0038,-0.0047,0.3167,0.1182,-0.1445,9.5008,-0.0145,-0.0212,0.0469,0.2529,0.4426,-1.1416,0.9632,-0.0048,-0.0076,0.2688,-0.7655,-0.6952,31.1884,0
1130372,1.0000,-0.0002,-0.0004,0.0008,0.0040,-0.0046,0.3169,0.1246,-0.1412,9.5080,-0.0134,-0.0216,0.0470,0.2520,0.4446,-1.1333,0.9632,-0.0048,-0.0076,0.2688,-0.7650,-0.6964,31.1869,0
1130706,1.0000,-0.0002,-0.0003,0.0008,0.0038,-0.0038,0.3176,0.1185,-0.1154,9.5286,-0.0135,-0.0210,0.0478,0.2559,0.4441,-1.1367,0.9632,-0.0048,-0.0076,0.2688,-0.7648,-0.6965,31.1861,0
1131039,1.0000,-0.0002,-0.0003,0.0008,0.0041,-0.0039,0.3172,0.1248,-0.1190,9.5170,-0.0137,-0.0202,0.0482,0.2517,0.4412,-1.1313,0.9632,-0.0048,-0.0076,0.2688,-0.7648,-0.6950,31.1863,0
1131372,1.0000,-0.0002,-0.0004,0.0008,0.0043,-0.0043,0.3177,0.1331,-0.1322,9.5305,-0.0137,-0.0219,0.0463,0.2544,0.4431,-1.1357,0.9632,-0.0048,-0.0077,0.2687,-0.7648,-0.6967,31.1830,0
1131706,1.0000,-0.0002,-0.0003,0.0008,0.0036,-0.0045,0.3172,0.1121,-0.1382,9.5165,-0.0133,-0.0198,0.0464,0.2539,0.4436,-1.1372,0.9632,-0.0048,-0.0076,0.2687,-0.7641,-0.6946,31.1798,0
1132039,1.0000,-0.0002,-0.0004,0.0008,0.0038,-0.0044,0.3170,0.1186,-0.1352,9.5100,-0.0139,-0.0212,0.0476,0.2559,0.4417,-1.1353,0.9632,-0.0048,-0.0076,0.2687,-0.7646,-0.6949,31.1784,0
1132372,1.0000,-0.0002,-0.0004,0.0008,0.0045,-0.0041,0.3170,0.1393,-0.1242,9.5087,-0.0134,-0.0219,0.0475,0.2524,0.4412,-1.1406,0.9632,-0.0048,-0.0076,0.2687,-0.7642,-0.6966,31.1774,0
1132706,1.0000,-0.0002,-0.0004,0.0008,0.0038,-0.0041,0.3169,0.1176,-0.1262,9.5073,-0.0136,-0.0226,0.0464,0.2537,0.4382,-1.1333,0.9632,-0.0048,-0.0077,0.2687,-0.7642,-0.6998,31.1745,0
1133039,1.0000,-0.0002,-0.0003,0.0008,0.0040,-0.0048,0.3169,0.1223,-0.1451,9.5070,-0.0133,-0.0209,0.0471,0.2554,0.4421,-1.1401,0.9632,-0.0048,-0.0077,0.2686,-0.7635,-0.6996,31.1727,0
1133372,1.0000,-0.0002,-0.0003,0.0008,0.0041,-0.0041,0.3170,0.1262,-0.1245,9.5094,-0.0137,-0.0197,0.0458,0.2544,0.4436,-1.1362,0.9632,-0.0048,-0.0077,0.2686,-0.7635,-0.6972,31.1680,0
1133706,1.0000,-0.0002,-0.0003,0.0008,0.0041,-0.0035,0.3176,0.1268,-0.1087,9.5291,-0.0146,-0.0198,0.0475,0.2554,0.4434,-1.1333,0.9632,-0.0048,-0.0076,0.2686,-0.7654,-0.6950,31.1671,0
1134039,1.0000,-0.0002,-0.0003,0.0008,0.0038,-0.0041,0.3168,0.1181,-0.1263,9.5043,-0.0128,-0.0205,0.0474,0.2529,0.4417,-1.1392,0.9632,-0.0048,-0.0076,0.2686,-0.7638,-0.6940,31.1654,0
1134372,1.0000,-0.0002,-0.0004,0.0008,0.0036,-0.0044,0.3164,0.1121,-0.1343,9.4907,-0.0145,-0.0216,0.0466,0.2534,0.4407,-1.1348,0.9632,-0.0048,-0.0076,0.2686,-0.7655,-0.6952,31.1626,0
1134706,1.0000,-0.0002,-0.0004,0.0008,0.0039,-0.0044,0.3172,0.1207,-0.1328,9.5152,-0.0134,-0.0213,0.0460,0.2554,0.4436,-1.1357,0.9632,-0.0048,-0.0076,0.2685,-0.7651,-0.6958,31.1589,0
1135039,1.0000,-0.0002,-0.0004,0.0008,0.0043,-0.0039,0.3174,0.1319,-0.1191,9.5216,-0.0135,-0.0229,0.0473,0.2554,0.4451,-1.1411,0.9632,-0.0048,-0.0077,0.2685,-0.7647,-0.6994,31.1574,0
1135372,1.0000,-0.0002,-0.0004,0.0008,0.0043,-0.0040,0.3168,0.1325,-0.1229,9.5031,-0.0141,-0.0212,0.0470,0.2549,0.4402,-1.1362,0.9632,-0.0048,-0.0077,0.2685,-0.7655,-0.6999,31.1554,0
1135706,1.0000,-0.0002,-0.0004,0.0008,0.0039,-0.0045,0.3169,0.1199,-0.1369,9.5065,-0.0138,-0.0211,0.0455,0.2544,0.4426,-1.1396,0.9632,-0.0048,-0.0077,0.2685,-0.7658,-0.7003,31.1508,0
1136039,1.0000,-0.0002,-0.0003,0.0008,0.0043,-0.0042,0.3177,0.1312,-0.1295,9.5316,-0.0130,-0.0210,0.0467,0.2529,0.4421,-1.1328,0.9633,-0.0048,-0.0077,0.2684,-0.7646,-0.7003,31.1483,0
1136372,1.0000,-0.0002,-0.0004,0.0008,0.0043,-0.0040,0.3174,0.1337,-0.1235,9.5229,-0.0134,-0.0213,0.0466,0.2534,0.4417,-1.1343,0.9633,-0.0048,-0.0077,0.2684,-0.7642,-0.7010,31.1456,0
1136706,1.0000,-0.0002,-0.0004,0.0008,0.0038,-0.0042,0.3172,0.1162,-0.1272,9.5169,-0.0141,-0.0218,0.0461,0.2573,0.4409,-1.1318,0.9633,-0.0048,-0.0077,0.2684,-0.7650,-0.7027,31.1421,0
1137039,1.0000,-0.0002,-0.0004,0.0008,0.0037,-0.0045,0.3168,0.1140,-0.1365,9.5026,-0.0133,-0.0215,0.0464,0.2539,0.4436,-1.1348,0.9633,-0.0048,-0.0077,0.2684,-0.7643,-0.7037,31.1391,0
1137372,1.0000,-0.0002,-0.0004,0.0008,0.0041,-0.0044,0.3177,0.1273,-0.1345,9.5300,-0.0136,-0.0213,0.0475,0.2578,0.4448,-1.1411,0.9633,-0.0048,-0.0077,0.2683,-0.7641,-0.7043,31.1379,0
1137706,1.0000,-0.0002,-0.0003,0.0008,0.0040,-0.0041,0.3171,0.1236,-0.1260,9.5131,-0.0136,-0.0203,0.0466,0.2559,0.4429,-1.1343,0.9633,-0.0048,-0.0077,0.2683,-0.7640,-0.7030,31.1356,0
1138039,1.0000,-0.0002,-0.0004,0.0008,0.0040,-0.0047,0.3169,0.1237,-0.1426,9.5082,-0.0135,-0.0216,0.0472,0.2544,0.4417,-1.1406,0.9633,-0.0048,-0.0077,0.2683,-0.7636,-0.7041,31.1342,0
1138372,1.0000,-0.0002,-0.0003,0.0008,0.0044,-0.0040,0.3169,0.1351,-0.1215,9.5082,-0.0139,-0.0194,0.0479,0.2539,0.4417,-1.1343,0.9633,-0.0048,-0.0077,0.2683,-0.7642,-0.7011,31.1337,0
1138706,1.0000,-0.0002,-0.0003,0.0008,0.0042,-0.0042,0.3172,0.1297,-0.1271,9.5152,-0.0139,-0.0202,0.0472,0.2563,0.4441,-1.1387,0.9633,-0.0048,-0.0077,0.2683,-0.7647,-0.6996,31.1318,0
1139039,1.0000,-0.0002,-0.0003,0.0008,0.0039,-0.0043,0.3172,0.1211,-0.1322,9.5165,-0.0137,-0.0205,0.0469,0.2549,0.4431,-1.1421,0.9633,-0.0048,-0.0077,0.2683,-0.7649,-0.6987,31.1296,0
1139372,1.0000,-0.0002,-0.0004,0.0008,0.0040,-0.0044,0.3166,0.1223,-0.1332,9.4991,-0.0135,-0.0213,0.0464,0.2544,0.4465,-1.1377,0.9633,-0.0048,-0.0077,0.2682,-0.7646,-0.6993,31.1261,0
1139706,1.0000,-0.0002,-0.0003,0.0008,0.0041,-0.0043,0.3174,0.1271,-0.1313,9.5218,-0.0137,-0.0203,0.0470,0.2563,0.4431,-1.1372,0.9633,-0.0048,-0.0077,0.2682,-0.7647,-0.6981,31.1242,0
1140039,1.0000,-0.0002,-0.0004,0.0008,0.0039,-0.0040,0.3164,0.1201,-0.1214,9.4930,-0.0137,-0.0226,0.0471,0.2500,0.4421,-1.1431,0.9633,-0.0048,-0.0077,0.2682,-0.7649,-0.7012,31.1223,0
1140372,1.0000,-0.0002,-0.0003,0.0008,0.0041,-0.0042,0.3170,0.1251,-0.1288,9.5108,-0.0140,-0.0209,0.0468,0.2539,0.4436,-1.1406,0.9633,-0.0048,-0.0077,0.2682,-0.7656,-0.7010,31.1193,0
1140706,1.0000,-0.0002,-0.0004,0.0008,0.0039,-0.0041,0.3173,0.1205,-0.1252,9.5202,-0.0142,-0.0220,0.0474,0.2520,0.4441,-1.1348,0.9633,-0.0048,-0.0077,0.2682,-0.7666,-0.7031,31.1180,0
1141039,1.0000,-0.0002,-0.0003,0.0008,0.0040,-0.0037,0.3178,0.1235,-0.1143,9.5344,-0.0140,-0.0205,0.0469,0.2502,0.4421,-1.1323,0.9633,-0.0048,-0.0077,0.2682,-0.7673,-0.7022,31.1156,0
1141373,1.0000,-0.0002,-0.0004,0.0008,0.0045,-0.0041,0.3175,0.1373,-0.1246,9.5254,-0.0129,-0.0230,0.0469,0.2520,0.4426,-1.1362,0.9633,-0.0048,-0.0077,0.2681,-0.7658,-0.7061,31.1136,0
1141706,1.0000,-0.0002,-0.0003,0.0008,0.0038,-0.0038,0.3173,0.1186,-0.1176,9.5202,-0.0141,-0.0205,0.0469,0.2544,0.4402,-1.1357,0.9633,-0.0048,-0.0077,0.2681,-0.7668,-0.7052,31.1116,0
1142039,1.0000,-0.0002,-0.0003,0.0008,0.0039,-0.0043,0.3171,0.1203,-0.1319,9.5117,-0.0138,-0.0202,0.0461,0.2524,0.4470,-1.1367,0.9633,-0.0048,-0.0077,0.2681,-0.7672,-0.7038,31.1082,0
1142373,1.0000,-0.0002,-0.0004,0.0008,0.0034,-0.0044,0.3161,0.1067,-0.1354,9.4833,-0.0139,-0.0241,0.0474,0.2544,0.4412,-1.1372,0.9634,-0.0048,-0.0078,0.2681,-0.7677,-0.7098,31.1072,0
1142706,1.0000,-0.0002,-0.0003,0.0008,0.0042,-0.0039,0.3171,0.1292,-0.1197,9.5128,-0.0138,-0.0205,0.0474,0.2539,0.4451,-1.1387,0.9634,-0.0048,-0.0078,0.2681,-0.7680,-0.7088,31.1063,0
1143039,1.0000,-0.0002,-0.0004,0.0008,0.0042,-0.0040,0.3168,0.1294,-0.1235,9.5037,-0.0135,-0.0230,0.0473,0.2534,0.4441,-1.1401,0.9634,-0.0048,-0.0078,0.2681,-0.7678,-0.7126,31.1051,0
1143373,1.0000,-0.0002,-0.0004,0.0008,0.0041,-0.0044,0.3176,0.1276,-0.1347,9.5281,-0.0138,-0.0210,0.0461,0.2539,0.4441,-1.1396,0.9634,-0.0048,-0.0078,0.2680,-0.7680,-0.7127,31.1014,0
1143706,1.0000,-0.0002,-0.0003,0.0008,0.0040,-0.0043,0.3170,0.1242,-0.1321,9.5099,-0.0133,-0.0210,0.0464,0.2534,0.4421,-1.1323,0.9634,-0.0048,-0.0078,0.2680,-0.7673,-0.7128,31.0984,0
1144039,1.0000,-0.0002,-0.0003,0.0008,0.0039,-0.0044,0.3170,0.1192,-0.1331,9.5102,-0.0137,-0.0188,0.0465,0.2510,0.4421,-1.1392,0.9634,-0.0048,-0.0078,0.2680,-0.7673,-0.7087,31.0957,0
1144373,1.0000,-0.0002,-0.0004,0.0008,0.0038,-0.0041,0.3173,0.1188,-0.1267,9.5199,-0.0141,-0.0223,0.0472,0.2549,0.4426,-1.1348,0.9634,-0.0048,-0.0078,0.2680,-0.7681,-0.7113,31.0941,0
1144706,1.0000,-0.0002,-0.0003,0.0008,0.0041,-0.0038,0.3167,0.1259,-0.1165,9.5008,-0.0134,-0.0201,0.0468,0.2529,0.4407,-1.1396,0.9634,-0.0048,-0.0078,0.2680,-0.7676,-0.7097,31.0921,0
1145039,1.0000,-0.0002,-0.0003,0.0008,0.0039,-0.0041,0.3179,0.1192,-0.1244,9.5365,-0.0142,-0.0210,0.0465,0.2527,0.4402,-1.1328,0.9634,-0.0048,-0.0078,0.2679,-0.7686,-0.7097,31.0893,0
1145373,1.0000,-0.0002,-0.0004,0.0008,0.0039,-0.0047,0.3167,0.1191,-0.1421,9.5020,-0.0134,-0.0211,0.0480,0.2524,0.4421,-1.1392,0.9634,-0.0048,-0.0078,0.2679,-0.7683,-0.7100,31.0893,0
1145706,1.0000,-0.0002,-0.0003,0.0008,0.0041,-0.0042,0.3170,0.1251,-0.1271,9.5112,-0.0128,-0.0201,0.0470,0.2515,0.4402,-1.1372,0.9634,-0.0048,-0.0077,0.2679,-0.7666,-0.7084,31.0873,0
1146039,1.0000,-0.0002,-0.0003,0.0008,0.0044,-0.0039,0.3174,0.1346,-0.1184,9.5221,-0.0133,-0.0203,0.0461,0.2534,0.4412,-1.1382,0.9634,-0.0048,-0.0077,0.2679,-0.7659,-0.7072,31.0836,0
1146373,1.0000,-0.0002,-0.0003,0.0008,0.0042,-0.0039,0.3168,0.1279,-0.1186,9.5032,-0.0134,-0.0201,0.0467,0.2529,0.4426,-1.1343,0.9634,-0.0048,-0.0077,0.2679,-0.7654,-0.7055,31.0812,0
1146706,1.0000,-0.0002,-0.0004,0.0008,0.0040,-0.0043,0.3170,0.1218,-0.1322,9.5101,-0.0144,-0.0214,0.0467,0.2524,0.4421,-1.1362,0.9634,-0.0048,-0.0077,0.2679,-0.7668,-0.7063,31.0790,0
1147039,1.0000,-0.0002,-0.0003,0.0008,0.0040,-0.0044,0.3168,0.1229,-0.1345,9.5046,-0.0135,-0.0202,0.0456,0.2524,0.4417,-1.1362,0.9634,-0.0048,-0.0077,0.2678,-0.7664,-0.7049,31.0747,0
1147373,1.0000,-0.0002,-0.0003,0.0008,0.0035,-0.0040,0.3173,0.1078,-0.1225,9.5180,-0.0138,-0.0204,0.0455,0.2529,0.4431,-1.1406,0.9634,-0.0048,-0.0077,0.2678,-0.7666,-0.7039,31.0699,0
1147706,1.0000,-0.0002,-0.0004,0.0008,0.0044,-0.0044,0.3173,0.1351,-0.1352,9.5198,-0.0138,-0.0213,0.0464,0.2529,0.4426,-1.1382,0.9634,-0.0048,-0.0077,0.2678,-0.7669,-0.7045,31.0671,0
1148039,1.0000,-0.0002,-0.0004,0.0008,0.0034,-0.0041,0.3163,0.1056,-0.1244,9.4893,-0.0131,-0.0210,0.0461,0.2534,0.4417,-1.1401,0.9635,-0.0048,-0.0077,0.2677,-0.7659,-0.7046,31.0633,0
1148373,1.0000,-0.0002,-0.0004,0.0008,0.0042,-0.0037,0.3172,0.1292,-0.1127,9.5163,-0.0137,-0.0217,0.0471,0.2534,0.4431,-1.1401,0.9635,-0.0048,-0.0077,0.2677,-0.7660,-0.7060,31.0617,0
1148706,1.0000,-0.0002,-0.0003,0.0008,0.0039,-0.0042,0.3166,0.1188,-0.1282,9.4970,-0.0139,-0.0209,0.0469,0.2520,0.4382,-1.1372,0.9635,-0.0048,-0.0077,0.2677,-0.7664,-0.7059,31.0597,0
1149039,1.0000,-0.0002,-0.0004,0.0008,0.0036,-0.0044,0.3169,0.1119,-0.1337,9.5077,-0.0141,-0.0214,0.0473,0.2529,0.4412,-1.1401,0.9635,-0.0048,-0.0077,0.2677,-0.7673,-0.7066,31.0585,0
1149373,1.0000,-0.0002,-0.0004,0.0008,0.0042,-0.0045,0.3178,0.1296,-0.1382,9.5344,-0.0133,-0.0211,0.0470,0.2520,0.4441,-1.1401,0.9635,-0.0048,-0.0077,0.2677,-0.7668,-0.7069,31.0568,0
1149706,1.0000,-0.0002,-0.0003,0.0008,0.0042,-0.0036,0.3170,0.1279,-0.1105,9.5102,-0.0132,-0.0201,0.0473,0.2529,0.4407,-1.1333,0.9635,-0.0048,-0.0077,0.2677,-0.7659,-0.7052,31.0554,0
1150039,1.0000,-0.0002,-0.0004,0.0008,0.0040,-0.0045,0.3170,0.1231,-0.1365,9.5108,-0.0148,-0.0221,0.0474,0.2559,0.4412,-1.1411,0.9635,-0.0048,-0.0077,0.2676,-0.7681,-0.7074,31.0543,0
1150373,1.0000,-0.0002,-0.0003,0.0008,0.0039,-0.0047,0.3173,0.1211,-0.1431,9.5198,-0.0136,-0.0208,0.0468,0.2524,0.4421,-1.1387,0.9635,-0.0048,-0.0077,0.2676,-0.7681,-0.7072,31.0527,0
1150706,1.0000,-0.0002,-0.0004,0.0008,0.0035,-0.0042,0.3170,0.1088,-0.1277,9.5095,-0.0135,-0.0221,0.0477,0.2534,0.4402,-1.1406,0.9635,-0.0048,-0.0078,0.2676,-0.7677,-0.7094,31.0522,0
1151039,1.0000,-0.0002,-0.0004,0.0008,0.0045,-0.0044,0.3176,0.1378,-0.1356,9.5267,-0.0133,-0.0217,0.0454,0.2505,0.4417,-1.1357,0.9635,-0.0048,-0.0078,0.2676,-0.7670,-0.7108,31.0474,0
1151373,1.0000,-0.0002,-0.0003,0.0008,0.0039,-0.0045,0.3166,0.1215,-0.1359,9.4980,-0.0134,-0.0204,0.0459,0.2539,0.4412,-1.1323,0.9635,-0.0048,-0.0078,0.2675,-0.7665,-0.7098,31.0431,0
1151706,1.0000,-0.0002,-0.0003,0.0008,0.0039,-0.0043,0.3176,0.1203,-0.1299,9.5276,-0.0138,-0.0201,0.0461,0.2500,0.4397,-1.1392,0.9635,-0.0048,-0.0077,0.2675,-0.7667,-0.7082,31.0397,0
1152039,1.0000,-0.0002,-0.0004,0.0008,0.0036,-0.0043,0.3170,0.1105,-0.1307,9.5114,-0.0140,-0.0210,0.0467,0.2529,0.4412,-1.1362,0.9635,-0.0048,-0.0077,0.2675,-0.7673,-0.7083,31.0373,0
1152373,1.0000,-0.0002,-0.0004,0.0008,0.0038,-0.0043,0.3173,0.1166,-0.1320,9.5178,-0.0137,-0.0211,0.0474,0.2549,0.4426,-1.1382,0.9635,-0.0048,-0.0077,0.2675,-0.7675,-0.7085,31.0362,0
1152706,1.0000,-0.0002,-0.0003,0.0008,0.0040,-0.0040,0.3171,0.1224,-0.1217,9.5134,-0.0129,-0.0197,0.0468,0.2520,0.4436,-1.1367,0.9635,-0.0048,-0.0077,0.2675,-0.7661,-0.7062,31.0339,0
1153039,1.0000,-0.0002,-0.0004,0.0008,0.0043,-0.0041,0.3171,0.1312,-0.1265,9.5140,-0.0131,-0.0223,0.0461,0.2520,0.4426,-1.1338,0.9635,-0.0048,-0.0077,0.2674,-0.7651,-0.7087,31.0302,0
1153373,1.0000,-0.0002,-0.0004,0.0008,0.0039,-0.0047,0.3170,0.1215,-0.1427,9.5092,-0.0132,-0.0219,0.0475,0.2524,0.4397,-1.1387,0.9635,-0.0048,-0.0078,0.2674,-0.7642,-0.7105,31.0294,0
1153706,1.0000,-0.0002,-0.0003,0.0008,0.0038,-0.0043,0.3171,0.1171,-0.1305,9.5126,-0.0131,-0.0196,0.0461,0.2534,0.4431,-1.1411,0.9635,-0.0048,-0.0077,0.2674,-0.7632,-0.7080,31.0259,0
1154039,1.0000,-0.0002,-0.0004,0.0008,0.0040,-0.0041,0.3173,0.1234,-0.1242,9.5182,-0.0131,-0.0211,0.0471,0.2520,0.4431,-1.1362,0.9635,-0.0048,-0.0077,0.2674,-0.7620,-0.7082,31.0242,0
1154373,1.0000,-0.0002,-0.0003,0.0008,0.0038,-0.0044,0.3171,0.1174,-0.1356,9.5116,-0.0135,-0.0197,0.0459,0.2539,0.4412,-1.1377,0.9636,-0.0048,-0.0077,0.2674,-0.7617,-0.7058,31.0201,0
1154706,1.0000,-0.0002,-0.0003,0.0008,0.0041,-0.0045,0.3168,0.1274,-0.1360,9.5051,-0.0126,-0.0205,0.0471,0.2524,0.4446,-1.1357,0.9636,-0.0047,-0.0077,0.2673,-0.7597,-0.7049,31.0184,0
1155039,1.0000,-0.0002,-0.0003,0.0008,0.0041,-0.0041,0.3176,0.1257,-0.1265,9.5267,-0.0128,-0.0207,0.0467,0.2544,0.4397,-1.1348,0.9636,-0.0047,-0.0077,0.2673,-0.7581,-0.7044,31.0160,0
1155373,1.0000,-0.0002,-0.0004,0.0008,0.0035,-0.0039,0.3175,0.1090,-0.1178,9.5247,-0.0138,-0.0215,0.0473,0.2539,0.4417,-1.1387,0.9636,-0.0047,-0.0077,0.2673,-0.7585,-0.7054,31.0150,0
1155706,1.0000,-0.0002,-0.0004,0.0008,0.0041,-0.0044,0.3171,0.1269,-0.1339,9.5128,-0.0144,-0.0219,0.0470,0.2524,0.4456,-1.1338,0.9636,-0.0047,-0.0077,0.2673,-0.7599,-0.7071,31.0135,0
1156039,1.0000,-0.0002,-0.0003,0.0008,0.0044,-0.0047,0.3175,0.1337,-0.1418,9.5257,-0.0135,-0.0197,0.0465,0.2529,0.4417,-1.1372,0.9636,-0.0047,-0.0077,0.2673,-0.7596,-0.7048,31.0109,0
1156373,1.0000,-0.0002,-0.0004,0.0008,0.0037,-0.0040,0.3166,0.1137,-0.1218,9.4986,-0.0130,-0.0212,0.0472,0.2563,0.4426,-1.1401,0.9636,-0.0047,-0.0077,0.2673,-0.7584,-0.7052,31.0095,0
1156706,1.0000,-0.0002,-0.0004,0.0008,0.0042,-0.0043,0.3174,0.1292,-0.1321,9.5212,-0.0132,-0.0225,0.0462,0.2515,0.4426,-1.1401,0.9636,-0.0047,-0.0077,0.2672,-0.7575,-0.7081,31.0065,0
1157039,1.0000,-0.0002,-0.0003,0.0008,0.0045,-0.0043,0.3175,0.1369,-0.1297,9.5234,-0.0130,-0.0198,0.0463,0.2539,0.4431,-1.1367,0.9636,-0.0047,-0.0077,0.2672,-0.7562,-0.7059,31.0035,0
1157373,1.0000,-0.0002,-0.0003,0.0008,0.0039,-0.0040,0.3167,0.1195,-0.1212,9.5022,-0.0139,-0.0208,0.0471,0.2524,0.4431,-1.1348,0.9636,-0.0047,-0.0077,0.2672,-0.7568,-0.7056,31.0021,0
1157706,1.0000,-0.0002,-0.0004,0.0008,0.0043,-0.0042,0.3169,0.1312,-0.1293,9.5058,-0.0142,-0.0215,0.0472,0.2534,0.4407,-1.1396,0.9636,-0.0047,-0.0077,0.2672,-0.7577,-0.7066,31.0004,0
1158040,1.0000,-0.0002,-0.0003,0.0008,0.0040,-0.0045,0.3171,0.1245,-0.1363,9.5119,-0.0127,-0.0203,0.0487,0.2549,0.4407,-1.1357,0.9636,-0.0047,-0.0077,0.2672,-0.7560,-0.7053,31.0020,0
1158373,1.0000,-0.0002,-0.0003,0.0008,0.0040,-0.0043,0.3172,0.1218,-0.1319,9.5146,-0.0131,-0.0203,0.0470,0.2515,0.4397,-1.1377,0.9636,-0.0047,-0.0077,0.2672,-0.7549,-0.7040,31.0001,0
1158706,1.0000,-0.0002,-0.0003,0.0008,0.0042,-0.0040,0.3172,0.1289,-0.1236,9.5158,-0.0131,-0.0202,0.0469,0.2524,0.4446,-1.1338,0.9636,-0.0047,-0.0077,0.2672,-0.7539,-0.7025,30.9983,0
1159040,1.0000,-0.0002,-0.0004,0.0008,0.0039,-0.0040,0.3169,0.1203,-0.1222,9.5056,-0.0137,-0.0213,0.0475,0.2544,0.4456,-1.1372,0.9636,-0.0047,-0.0077,0.2672,-0.7540,-0.7032,30.9976,0
1159373,1.0000,-0.0002,-0.0004,0.0008,0.0043,-0.0045,0.3177,0.1337,-0.1382,9.5317,-0.0138,-0.0216,0.0463,0.2534,0.4412,-1.1353,0.9636,-0.0047,-0.0077,0.2671,-0.7544,-0.7044,30.9947,0
1159706,1.0000,-0.0002,-0.0004,0.0008,0.0038,-0.0042,0.3164,0.1177,-0.1268,9.4926,-0.0134,-0.0210,0.0459,0.2539,0.4426,-1.1396,0.9636,-0.0047,-0.0077,0.2671,-0.7538,-0.7045,30.9910,0
1160040,1.0000,-0.0002,-0.0003,0.0008,0.0044,-0.0043,0.3175,0.1343,-0.1316,9.5250,-0.0144,-0.0192,0.0472,0.2549,0.4431,-1.1353,0.9636,-0.0047,-0.0077,0.2671,-0.7552,-0.7012,30.9895,0
1160373,1.0000,-0.0002,-0.0003,0.0008,0.0039,-0.0041,0.3165,0.1196,-0.1253,9.4955,-0.0138,-0.0204,0.0465,0.2520,0.4417,-1.1338,0.9636,-0.0047,-0.0076,0.2671,-0.7555,-0.7003,30.9869,0
1160706,1.0000,-0.0002,-0.0004,0.0008,0.0042,-0.0044,0.3169,0.1295,-0.1343,9.5060,-0.0144,-0.0214,0.0469,0.2529,0.4421,-1.1406,0.9636,-0.0047,-0.0077,0.2671,-0.7570,-0.7011,30.9850,0
1161040,1.0000,-0.0002,-0.0004,0.0008,0.0038,-0.0040,0.3170,0.1185,-0.1213,9.5111,-0.0134,-0.0220,0.0467,0.2549,0.4407,-1.1382,0.9636,-0.0047,-0.0077,0.2670,-0.7566,-0.7031,30.9826,0
1161373,1.0000,-0.0002,-0.0004,0.0008,0.0042,-0.0039,0.3168,0.1304,-0.1185,9.5050,-0.0135,-0.0211,0.0478,0.2544,0.4407,-1.1367,0.9636,-0.0047,-0.0077,0.2670,-0.7564,-0.7034,30.9828,0
1161706,1.0000,-0.0002,-0.0003,0.0008,0.0040,-0.0048,0.3177,0.1244,-0.1455,9.5299,-0.0135,-0.0200,0.0472,0.2544,0.4421,-1.1343,0.9636,-0.0047,-0.0077,0.2670,-0.7561,-0.7016,30.9814,0
1162040,1.0000,-0.0002,-0.0004,0.0008,0.0037,-0.0046,0.3169,0.1131,-0.1402,9.5081,-0.0142,-0.0213,0.0462,0.2500,0.4431,-1.1382,0.9637,-0.0047,-0.0077,0.2670,-0.7571,-0.7023,30.9784,0
1162373,1.0000,-0.0002,-0.0003,0.0008,0.0047,-0.0041,0.3176,0.1437,-0.1237,9.5275,-0.0127,-0.0198,0.0481,0.2544,0.4421,-1.1348,0.9637,-0.0047,-0.0076,0.2670,-0.7554,-0.7001,30.9776,0
1162706,1.0000,-0.0002,-0.0003,0.0008,0.0038,-0.0037,0.3164,0.1165,-0.1123,9.4905,-0.0141,-0.0207,0.0465,0.2539,0.4426,-1.1382,0.9637,-0.0047,-0.0076,0.2670,-0.7562,-0.6996,30.9752,0
1163040,1.0000,-0.0002,-0.0003,0.0008,0.0047,-0.0041,0.3172,0.1428,-0.1263,9.5160,-0.0139,-0.0209,0.0463,0.2529,0.4426,-1.1392,0.9637,-0.0047,-0.0076,0.2670,-0.7568,-0.6995,30.9723,0
1163373
1163706
